"Country","Region","Happiness Rank","Happiness_Score","Economy","Family","Health (Life Expectancy)","Freedom","Trust (Government Corruption)","Generosity","Dystopia Residual","Happiness"
"Afghanistan","","154","3.203","0.35","0.517","0.361","0","0.025","0.158","","0"
"Afghanistan","Southern Asia","154","3.36","0.38227","0.11037","0.17344","0.1643","0.07112","0.31268","2.14558","0"
"Afghanistan","Southern Asia","153","3.575","0.31982","0.30285","0.30335","0.23414","0.09719","0.3651","1.9521","0"
"Afghanistan","","145","3.632","0.332","0.537","0.255","0.085","0.036","0.191","","0"
"Afghanistan","","141","3.7939999103546","0.40147721767425","0.58154332637787","0.18074677884579","0.10617952048779","0.31187093257904","0.061157830059528","2.1508011817932","0"
"Albania","","112","4.586","0.916","0.817","0.79","0.419","0.032","0.149","","0"
"Albania","","109","4.6440000534058","0.99619275331497","0.8036852478981","0.73115974664688","0.38149863481522","0.20131294429302","0.039864215999842","1.4904415607452","0"
"Albania","Central and Eastern Europe","109","4.655","0.9553","0.50163","0.73007","0.31866","0.05301","0.1684","1.92816","0"
"Albania","","107","4.719","0.947","0.848","0.874","0.383","0.027","0.178","","0"
"Albania","Central and Eastern Europe","95","4.959","0.87867","0.80434","0.81325","0.35733","0.06413","0.14272","1.89894","0"
"Algeria","","88","5.211","1.002","1.16","0.785","0.086","0.114","0.073","","0"
"Algeria","","84","5.295","0.979","1.154","0.687","0.077","0.135","0.055","","1"
"Algeria","Middle East and Northern Africa","68","5.605","0.93929","1.07772","0.61766","0.28579","0.17383","0.07822","2.43209","0"
"Algeria","","53","5.8720002174377","1.0918644666672","1.1462174654007","0.61758464574814","0.2333358079195","0.069436646997929","0.14609611034393","2.5676038265228","1"
"Algeria","Middle East and Northern Africa","38","6.355","1.05266","0.83309","0.61804","0.21006","0.16157","0.07044","3.40904","1"
"Angola","","142","3.795","0.73","1.125","0.269","","0.061","0.079","","0"
"Angola","","140","3.795000076294","0.85842818021774","1.1044119596481","0.049868665635586","","0.097926490008831","0.069720335304737","1.6144824028015","0"
"Angola","Sub-Saharan Africa","141","3.866","0.84731","0.66366","0.04991","0.00589","0.08434","0.12071","2.09459","0"
"Angola","Sub-Saharan Africa","137","4.033","0.75778","0.8604","0.16683","0.10384","0.07122","0.12344","1.94939","0"
"Argentina","","47","6.086","1.092","1.432","0.881","0.471","0.05","0.066","","1"
"Argentina","","29","6.388","1.073","1.468","0.744","0.57","0.054","0.062","","1"
"Argentina","Latin America and Caribbean","30","6.574","1.05351","1.24823","0.78723","0.44974","0.08484","0.11451","2.836","1"
"Argentina","","24","6.5989999771118","1.1852954626083","1.4404511451721","0.69513708353043","0.49451920390129","0.1094570606947","0.059739887714386","2.6140053272247","1"
"Argentina","Latin America and Caribbean","26","6.65","1.15137","1.06612","0.69711","0.42284","0.07296","0.10989","3.12985","1"
"Armenia","","129","4.321","0.816","0.99","0.666","0.26","0.028","0.077","","0"
"Armenia","Central and Eastern Europe","127","4.35","0.76821","0.77711","0.7299","0.19847","0.039","0.07855","1.75873","0"
"Armenia","Central and Eastern Europe","121","4.36","0.86086","0.62477","0.64083","0.14037","0.03616","0.07793","1.97864","0"
"Armenia","","121","4.3759999275208","0.90059673786163","1.0074837207794","0.63752442598343","0.19830326735973","0.083488091826439","0.02667442150414","1.5214991569519","0"
"Armenia","","116","4.559","0.85","1.055","0.815","0.283","0.064","0.095","","0"
"Australia","","11","7.228","1.372","1.548","1.036","0.557","0.29","0.332","","1"
"Australia","","10","7.272","1.34","1.573","0.91","0.647","0.302","0.361","","1"
"Australia","","10","7.2839999198914","1.484414935112","1.5100419521332","0.84388679265976","0.60160738229752","0.47769924998283","0.30118373036385","2.0652108192444","1"
"Australia","Australia and New Zealand","10","7.284","1.33358","1.30923","0.93156","0.65124","0.35637","0.43562","2.26646","1"
"Australia","Australia and New Zealand","9","7.313","1.44443","1.10476","0.8512","0.56837","0.32331","0.47407","2.5465","1"
"Austria","","13","7.0060000419617","1.4870972633362","1.4599449634552","0.81532841920853","0.56776618957519","0.31647232174873","0.22106036543846","2.1385064125061","1"
"Austria","Western Europe","12","7.119","1.45038","1.08383","0.80565","0.54355","0.21348","0.32865","2.69343","1"
"Austria","","12","7.139","1.341","1.504","0.891","0.617","0.224","0.242","","1"
"Austria","Western Europe","13","7.2","1.33723","1.29704","0.89042","0.62433","0.18676","0.33088","2.5332","1"
"Austria","","10","7.246","1.376","1.475","1.016","0.532","0.226","0.244","","1"
"Azerbaijan","","87","5.201","1.024","1.161","0.603","0.43","0.176","0.031","","1"
"Azerbaijan","","90","5.208","1.043","1.147","0.769","0.351","0.182","0.035","","0"
"Azerbaijan","Central and Eastern Europe","80","5.212","1.02389","0.93793","0.64045","0.3703","0.16065","0.07799","2.00073","0"
"Azerbaijan","","85","5.2340002059936","1.1536017656326","1.1524002552032","0.54077577590942","0.39815583825111","0.045269340276718","0.18098750710487","1.7624816894531","0"
"Azerbaijan","Central and Eastern Europe","81","5.291","1.12373","0.76042","0.54504","0.35327","0.17914","0.0564","2.2735","0"
"Bahrain","Middle East and Northern Africa","49","5.96","1.32376","1.21624","0.74716","0.45492","0.306","0.17362","1.73797","0"
"Bahrain","","41","6.0869998931885","1.4884122610092","1.323110461235","0.65313303470612","0.53674691915512","0.17266848683357","0.25704216957092","1.6561493873596","1"
"Bahrain","","43","6.105","1.338","1.366","0.698","0.594","0.123","0.243","","1"
"Bahrain","","37","6.199","1.362","1.368","0.871","0.536","0.11","0.255","","1"
"Bahrain","Middle East and Northern Africa","42","6.218","1.44024","0.94397","0.65696","0.47375","0.25772","0.17147","2.27405","1"
"Bangladesh","","125","4.456","0.562","0.928","0.723","0.527","0.143","0.166","","0"
"Bangladesh","","115","4.5","0.532","0.85","0.579","0.58","0.144","0.153","","0"
"Bangladesh","","110","4.6079998016357","0.58668297529221","0.73513174057007","0.53324103355408","0.47835665941238","0.17225535213947","0.1237178593874","1.9787361621857","0"
"Bangladesh","Southern Asia","110","4.643","0.54177","0.24749","0.52989","0.39778","0.12583","0.19132","2.60904","0"
"Bangladesh","Southern Asia","109","4.694","0.39753","0.43106","0.60164","0.4082","0.12569","0.21222","2.51767","0"
"Belarus","","81","5.323","1.067","1.465","0.789","0.235","0.142","0.094","","0"
"Belarus","","73","5.483","1.039","1.498","0.7","0.307","0.154","0.101","","1"
"Belarus","","67","5.5689997673035","1.156557559967","1.4449452161789","0.63771426677704","0.29540026187897","0.15513750910759","0.15631382167339","1.7232329845429","1"
"Belarus","Central and Eastern Europe","61","5.802","1.13062","1.04993","0.63104","0.29091","0.17457","0.13942","2.38582","0"
"Belarus","Central and Eastern Europe","59","5.813","1.03192","1.23289","0.73608","0.37938","0.1909","0.11046","2.1309","0"
"Belgium","","17","6.8909997940064","1.4637807607651","1.4623126983643","0.81809186935425","0.53977072238922","0.23150333762169","0.25134313106537","2.124210357666","1"
"Belgium","","18","6.923","1.356","1.504","0.986","0.473","0.21","0.16","","1"
"Belgium","","16","6.927","1.324","1.483","0.894","0.583","0.24","0.188","","1"
"Belgium","Western Europe","18","6.929","1.42539","1.05249","0.81959","0.51354","0.26248","0.2424","2.61355","1"
"Belgium","Western Europe","19","6.937","1.30782","1.28566","0.89667","0.5845","0.2254","0.2225","2.41484","1"
"Belize","","50","5.9559998512268","0.90797531604767","1.081417798996","0.45019176602364","0.54750937223434","0.24001564085484","0.096581071615219","2.6319556236267","1"
"Belize","","49","5.956","0.807","1.101","0.474","0.593","0.089","0.183","","1"
"Belize","Latin America and Caribbean","52","5.956","0.87616","0.68655","0.45569","0.51231","0.10771","0.23684","3.08039","0"
"Benin","Sub-Saharan Africa","155","3.34","0.28665","0.35386","0.3191","0.4845","0.0801","0.1826","1.63328","0"
"Benin","Sub-Saharan Africa","153","3.484","0.39499","0.10419","0.21028","0.39747","0.06681","0.2018","2.10812","0"
"Benin","","143","3.6570000648498","0.43108540773392","0.43529984354973","0.20993021130562","0.42596277594566","0.20794846117496","0.060929015278816","1.8856309652329","0"
"Benin","","136","4.141","0.378","0.372","0.24","0.44","0.067","0.163","","0"
"Benin","","102","4.883","0.393","0.437","0.397","0.349","0.082","0.175","","0"
"Bhutan","","97","5.0110001564026","0.88541638851166","1.3401265144348","0.4958792924881","0.50153768062592","0.47405454516411","0.17338038980961","1.1401844024658","0"
"Bhutan","","95","5.082","0.813","1.321","0.604","0.457","0.167","0.37","","0"
"Bhutan","","97","5.082","0.796","1.335","0.527","0.541","0.171","0.364","","1"
"Bhutan","Southern Asia","84","5.196","0.8527","0.90836","0.49759","0.46074","0.1616","0.48546","1.82916","0"
"Bhutan","Southern Asia","79","5.253","0.77042","1.10395","0.57407","0.53206","0.15445","0.47998","1.63794","0"
"Bolivia","","62","5.752","0.751","1.223","0.508","0.606","0.054","0.141","","1"
"Bolivia","","61","5.779","0.776","1.209","0.706","0.511","0.064","0.137","","0"
"Bolivia","Latin America and Caribbean","59","5.822","0.79422","0.83779","0.4697","0.50961","0.07746","0.21698","2.91635","0"
"Bolivia","","58","5.8229999542236","0.83375656604767","1.2276190519333","0.47363024950027","0.55873292684555","0.22556072473526","0.06047772616148","2.4432790279388","1"
"Bolivia","Latin America and Caribbean","51","5.89","0.68133","0.97841","0.5392","0.57414","0.088","0.20536","2.82334","0"
"Bosnia and Herzegovina","Central and Eastern Europe","96","4.949","0.83223","0.91916","0.79081","0.09245","0.00227","0.24808","2.06367","0"
"Bosnia and Herzegovina","","93","5.129","0.915","1.078","0.758","0.28","","0.216","","1"
"Bosnia and Herzegovina","Central and Eastern Europe","87","5.163","0.93383","0.64367","0.70766","0.09511","0","0.29889","2.48406","0"
"Bosnia and Herzegovina","","90","5.1820001602173","0.98240941762924","1.0693359375","0.70518630743027","0.20440317690373","0.32886749505997","","1.892172574997","0"
"Bosnia and Herzegovina","","78","5.386","0.945","1.212","0.845","0.212","0.006","0.263","","0"
"Botswana","","148","3.488","1.041","1.145","0.538","0.455","0.1","0.025","","0"
"Botswana","","146","3.59","1.017","1.174","0.417","0.557","0.092","0.042","","0"
"Botswana","","142","3.7660000324249","1.1220941543579","1.2215549945831","0.34175550937653","0.50519633293152","0.099348448216915","0.098583199083805","0.3779137134552","0"
"Botswana","Sub-Saharan Africa","137","3.974","1.09426","0.89186","0.34752","0.44089","0.10769","0.12425","0.96741","0"
"Botswana","Sub-Saharan Africa","128","4.332","0.99355","1.10464","0.04776","0.49495","0.12474","0.10461","1.46181","0"
"Brazil","","32","6.3","1.004","1.439","0.802","0.39","0.086","0.099","","1"
"Brazil","","28","6.419","0.986","1.474","0.675","0.493","0.088","0.11","","1"
"Brazil","","22","6.6350002288818","1.1073532104492","1.4313060045242","0.61655235290527","0.43745374679565","0.16234989464283","0.11109276115894","2.7692670822144","1"
"Brazil","Latin America and Caribbean","17","6.952","1.08754","1.03938","0.61415","0.40425","0.14166","0.15776","3.50733","1"
"Brazil","Latin America and Caribbean","16","6.983","0.98124","1.23287","0.69702","0.49049","0.17521","0.14574","3.26001","1"
"Bulgaria","Central and Eastern Europe","129","4.217","1.11306","0.92542","0.67806","0.21219","0.00615","0.12793","1.15377","0"
"Bulgaria","Central and Eastern Europe","134","4.218","1.01216","1.10614","0.76649","0.30587","0.00872","0.11921","0.89991","0"
"Bulgaria","","105","4.7140002250671","1.1614590883255","1.4343794584274","0.70821768045425","0.28923171758652","0.11317769438028","0.011051530949771","0.99613928794861","0"
"Bulgaria","","100","4.933","1.054","1.515","0.712","0.359","0.009","0.064","","0"
"Bulgaria","","97","5.011","1.092","1.513","0.815","0.311","0.004","0.081","","0"
"Burkina Faso","Sub-Saharan Africa","152","3.587","0.25812","0.85188","0.27125","0.39493","0.12832","0.21747","1.46494","0"
"Burkina Faso","Sub-Saharan Africa","145","3.739","0.31995","0.63054","0.21297","0.3337","0.12533","0.24353","1.87319","0"
"Burkina Faso","","134","4.0320000648498","0.3502277135849","1.043280005455","0.21584425866604","0.32436785101891","0.25086468458176","0.12032810598612","1.7272129058838","0"
"Burkina Faso","","121","4.424","0.314","1.097","0.254","0.312","0.128","0.175","","0"
"Burkina Faso","","115","4.587","0.331","1.056","0.38","0.255","0.113","0.177","","0"
"Burundi","","154","2.9049999713898","0.091622568666935","0.62979358434677","0.1516107916832","0.059900753200054","0.20443518459797","0.084147945046425","1.6830241680145","0"
"Burundi","","156","2.905","0.091","0.627","0.145","0.065","0.076","0.149","","0"
"Burundi","Sub-Saharan Africa","157","2.905","0.06831","0.23442","0.15747","0.0432","0.09419","0.2029","2.10404","0"
"Burundi","Sub-Saharan Africa","157","2.905","0.0153","0.41587","0.22396","0.1185","0.10062","0.19727","1.83302","0"
"Burundi","","145","3.775","0.046","0.447","0.38","0.22","0.18","0.176","","0"
"Cambodia","Southeastern Asia","145","3.819","0.46038","0.62736","0.61114","0.66246","0.07247","0.40359","0.98195","0"
"Cambodia","Southeastern Asia","140","3.907","0.55604","0.5375","0.42494","0.58852","0.08092","0.40339","1.31573","0"
"Cambodia","","129","4.1680002212524","0.60176509618759","1.0062383413315","0.42978340387344","0.63337582349777","0.3859229683876","0.068105950951576","1.0429410934448","0"
"Cambodia","","120","4.433","0.549","1.088","0.457","0.696","0.065","0.256","","0"
"Cambodia","","109","4.7","0.574","1.122","0.637","0.609","0.062","0.232","","0"
"Cameroon","Sub-Saharan Africa","133","4.252","0.4225","0.88767","0.23402","0.49309","0.05786","0.20618","1.95071","0"
"Cameroon","Sub-Saharan Africa","114","4.513","0.52497","0.62542","0.12698","0.42736","0.06126","0.2268","2.5198","0"
"Cameroon","","107","4.6950001716614","0.5643053650856","0.94601821899414","0.13289211690426","0.43038874864578","0.23629845678806","0.051306631416082","2.3336455821991","0"
"Cameroon","","99","4.975","0.535","0.891","0.182","0.454","0.043","0.183","","0"
"Cameroon","","96","5.044","0.549","0.91","0.331","0.381","0.037","0.187","","0"
"Canada","","9","7.278","1.365","1.505","1.039","0.584","0.308","0.285","","1"
"Canada","","7","7.3159999847412","1.479204416275","1.481348991394","0.83455765247345","0.61110091209412","0.43553972244263","0.28737151622772","2.1872644424438","1"
"Canada","","7","7.328","1.33","1.532","0.896","0.653","0.291","0.321","","1"
"Canada","North America","6","7.404","1.44015","1.0961","0.8276","0.5737","0.31329","0.44834","2.70485","1"
"Canada","North America","5","7.427","1.32629","1.32261","0.90563","0.63297","0.32957","0.45811","2.45176","1"
"Central African Republic","","155","2.6930000782013","","","0.01877268590033","0.27084204554558","0.28087648749352","0.056565076112747","2.0660047531128","0"
"Central African Republic","","155","3.083","0.026","0","0.105","0.225","0.035","0.235","","0"
"Central African Republic","","155","3.083","0.024","","0.01","0.305","0.038","0.218","","0"
"Central African Republic","Sub-Saharan Africa","148","3.678","0.0785","","0.06699","0.48879","0.08289","0.23835","2.7223","0"
"Chad","Sub-Saharan Africa","149","3.667","0.34193","0.76062","0.1501","0.23501","0.05269","0.18386","1.94296","0"
"Chad","Sub-Saharan Africa","144","3.763","0.42214","0.63178","0.03824","0.12807","0.04952","0.18667","2.30637","0"
"Chad","","137","3.9360001087189","0.43801298737526","0.95385587215424","0.041134715080261","0.16234202682972","0.21611385047436","0.05358188226819","2.0712380409241","0"
"Chad","","131","4.301","0.358","0.907","0.053","0.189","0.06","0.181","","0"
"Chad","","132","4.35","0.35","0.766","0.192","0.174","0.078","0.198","","0"
"Chile","","26","6.444","1.159","1.369","0.92","0.357","0.056","0.187","","1"
"Chile","","25","6.476","1.131","1.331","0.808","0.431","0.061","0.197","","1"
"Chile","","20","6.6519999504089","1.2527846097946","1.2840249538422","0.8194797039032","0.37689527869224","0.3266624212265","0.082287982106209","2.5095858573914","1"
"Chile","Latin America and Caribbean","27","6.67","1.10715","1.12447","0.85857","0.44132","0.12869","0.33363","2.67585","1"
"Chile","Latin America and Caribbean","24","6.705","1.2167","0.90587","0.81883","0.37789","0.11451","0.31595","2.95505","1"
"China","Eastern Asia","84","5.14","0.89012","0.94675","0.81658","0.51697","0.02781","0.08185","1.8604","0"
"China","","93","5.191","1.029","1.125","0.893","0.521","0.1","0.058","","0"
"China","Eastern Asia","83","5.245","1.0278","0.79381","0.73561","0.44012","0.02745","0.04959","2.17087","0"
"China","","86","5.246","0.989","1.142","0.799","0.597","0.103","0.029","","1"
"China","","79","5.2729997634888","1.0811657905579","1.1608374118805","0.74141550064087","0.47278770804405","0.028806841000915","0.022794274613261","1.7649385929108","0"
"Colombia","","43","6.125","0.985","1.41","0.841","0.47","0.034","0.099","","1"
"Colombia","","37","6.26","0.96","1.439","0.635","0.531","0.039","0.099","","1"
"Colombia","","36","6.356999874115","1.0706223249435","1.4021829366684","0.59502792358398","0.4774874150753","0.14901447296143","0.046668741852045","2.6160681247711","1"
"Colombia","Latin America and Caribbean","33","6.477","0.91861","1.24018","0.69077","0.53466","0.0512","0.18401","2.85737","1"
"Colombia","Latin America and Caribbean","31","6.481","1.03032","1.02169","0.59659","0.44735","0.05399","0.15626","3.17471","1"
"Comoros","Sub-Saharan Africa","138","3.956","0.27509","0.60323","0.29981","0.15412","0.18437","0.1827","2.25632","0"
"Comoros","Sub-Saharan Africa","140","3.956","0.23906","0.79273","0.36315","0.22917","0.199","0.17441","1.95812","0"
"Comoros","","142","3.973","0.274","0.757","0.505","0.142","0.078","0.275","","0"
"Congo (Brazzaville)","Sub-Saharan Africa","139","3.989","0.67866","0.6629","0.31051","0.41466","0.11686","0.12388","1.68135","0"
"Congo (Brazzaville)","Sub-Saharan Africa","127","4.236","0.77109","0.47799","0.28212","0.37938","0.09753","0.12077","2.10681","0"
"Congo (Brazzaville)","","124","4.2909998893738","0.80896425247192","0.83204436302185","0.28995743393898","0.43502587080002","0.12085212767124","0.079618133604527","1.7241356372833","0"
"Congo (Brazzaville)","","114","4.559","0.682","0.811","0.343","0.514","0.077","0.091","","0"
"Congo (Brazzaville)","","103","4.812","0.673","0.799","0.508","0.372","0.093","0.105","","0"
"Congo (Kinshasa)","","132","4.245","0.069","1.136","0.204","0.312","0.052","0.197","","0"
"Congo (Kinshasa)","Sub-Saharan Africa","125","4.272","0.05661","0.80676","0.188","0.15602","0.06075","0.25458","2.74924","0"
"Congo (Kinshasa)","","126","4.2800002098083","0.092102348804474","1.2290234565735","0.19140702486038","0.23596134781837","0.24645583331585","0.060241356492042","2.2249586582184","0"
"Congo (Kinshasa)","","127","4.418","0.094","1.125","0.357","0.269","0.053","0.212","","0"
"Congo (Kinshasa)","Sub-Saharan Africa","120","4.517","","1.0012","0.09806","0.22605","0.07625","0.24834","2.86712","0"
"Costa Rica","","13","7.072","1.01","1.459","0.817","0.632","0.101","0.143","","1"
"Costa Rica","","12","7.0789999961853","1.1097062826157","1.4164036512375","0.75950926542282","0.58013164997101","0.21461322903633","0.10010658949614","2.8986392021179","1"
"Costa Rica","Latin America and Caribbean","14","7.087","1.06879","1.02152","0.76146","0.55225","0.10547","0.22553","3.35168","1"
"Costa Rica","","12","7.167","1.034","1.441","0.963","0.558","0.093","0.144","","1"
"Costa Rica","Latin America and Caribbean","12","7.226","0.95578","1.23788","0.86027","0.63376","0.10583","0.25497","3.17728","1"
"Croatia","","77","5.2930002212524","1.2225562334061","0.96798300743103","0.70128852128982","0.25577229261398","0.24800297617912","0.043103110045195","1.8544924259186","0"
"Croatia","","82","5.321","1.115","1.161","0.737","0.38","0.039","0.12","","1"
"Croatia","","75","5.432","1.155","1.266","0.914","0.296","0.022","0.119","","0"
"Croatia","Central and Eastern Europe","74","5.488","1.18649","0.60809","0.70524","0.23907","0.04002","0.18434","2.52462","0"
"Croatia","Central and Eastern Europe","62","5.759","1.08254","0.79624","0.78805","0.25883","0.0243","0.05444","2.75414","0"
"Cyprus","Western Europe","69","5.546","1.31857","0.70697","0.8488","0.29507","0.05228","0.27906","2.04497","0"
"Cyprus","","65","5.6209998130798","1.355938076973","1.1313632726669","0.84471470117569","0.35511153936386","0.27125430107117","0.041237976402044","1.6212491989136","1"
"Cyprus","Western Europe","67","5.689","1.20813","0.89318","0.92356","0.40672","0.06146","0.30638","1.88931","0"
"Cyprus","","61","5.762","1.229","1.191","0.909","0.423","0.035","0.202","","1"
"Cyprus","","49","6.046","1.263","1.223","1.042","0.406","0.041","0.19","","1"
"Czech Republic","Central and Eastern Europe","31","6.505","1.17898","1.20643","0.84483","0.46364","0.02652","0.10686","2.67782","1"
"Czech Republic","Central and Eastern Europe","27","6.596","1.30915","1.00793","0.76376","0.41418","0.03986","0.09929","2.96211","1"
"Czech Republic","","23","6.6090002059936","1.352682352066","1.433885216713","0.75444400310516","0.49094617366791","0.088106758892536","0.036872927099466","2.4518618583679","1"
"Czech Republic","","21","6.711","1.233","1.489","0.854","0.543","0.034","0.064","","1"
"Czech Republic","","20","6.852","1.269","1.487","0.92","0.457","0.036","0.046","","1"
"Denmark","","2","7.521999835968","1.4823830127716","1.5511215925217","0.79256552457809","0.62600672245026","0.35528048872948","0.40077006816864","2.3137073516846","1"
"Denmark","Western Europe","1","7.526","1.44178","1.16374","0.79504","0.57941","0.44453","0.36171","2.73939","1"
"Denmark","Western Europe","3","7.527","1.32548","1.36058","0.87464","0.64938","0.48357","0.34139","2.49204","1"
"Denmark","","3","7.555","1.351","1.59","0.868","0.683","0.408","0.284","","1"
"Denmark","","2","7.6","1.383","1.573","0.996","0.592","0.41","0.252","","1"
"Djibouti","Sub-Saharan Africa","126","4.369","0.44025","0.59207","0.36291","0.46074","0.28105","0.18093","2.05125","0"
"Dominican Republic","Latin America and Caribbean","98","4.885","0.89537","1.17202","0.66825","0.57672","0.14234","0.21684","1.21305","0"
"Dominican Republic","Latin America and Caribbean","89","5.155","1.02787","0.99496","0.57669","0.52259","0.12372","0.21286","1.69626","0"
"Dominican Republic","","86","5.2300000190735","1.0793738365173","1.4024167060852","0.57487374544144","0.55258983373642","0.18696784973145","0.11394525319338","1.3194651603699","0"
"Dominican Republic","","83","5.302","0.982","1.441","0.614","0.578","0.106","0.12","","1"
"Dominican Republic","","77","5.425","1.015","1.401","0.779","0.497","0.101","0.113","","0"
"Ecuador","","48","5.973","0.889","1.33","0.736","0.556","0.12","0.114","","1"
"Ecuador","Latin America and Caribbean","48","5.975","0.86402","0.99903","0.79075","0.48574","0.1809","0.11541","2.53942","0"
"Ecuador","Latin America and Caribbean","51","5.976","0.97306","0.85974","0.68613","0.4027","0.18037","0.10074","2.77366","0"
"Ecuador","","44","6.0079998970032","1.0008203983307","1.2861688137054","0.68563622236252","0.4551981985569","0.15011246502399","0.14013464748859","2.2903525829315","1"
"Ecuador","","50","6.028","0.912","1.312","0.868","0.498","0.087","0.126","","1"
"Egypt","","137","4.166","0.913","1.039","0.644","0.241","0.067","0.076","","0"
"Egypt","Middle East and Northern Africa","135","4.194","0.8818","0.747","0.61712","0.17288","0.06324","0.11291","1.59927","0"
"Egypt","Middle East and Northern Africa","120","4.362","0.95395","0.49813","0.52116","0.18847","0.10393","0.12706","1.96895","0"
"Egypt","","122","4.419","0.885","1.025","0.553","0.312","0.107","0.092","","0"
"Egypt","","104","4.7350001335144","0.98970180749893","0.99747139215469","0.5201872587204","0.28211015462875","0.12863144278526","0.11438136547804","1.7021610736847","0"
"El Salvador","","45","6.0029997825623","0.90978449583054","1.1821250915527","0.59601855278015","0.43245252966881","0.078257985413074","0.089980959892273","2.7145938873291","1"
"El Salvador","Latin America and Caribbean","46","6.068","0.8737","0.80975","0.596","0.37269","0.10613","0.08877","3.22134","1"
"El Salvador","Latin America and Caribbean","42","6.13","0.76454","1.02507","0.67737","0.4035","0.11776","0.10692","3.035","1"
"El Salvador","","40","6.167","0.806","1.231","0.639","0.461","0.082","0.065","","1"
"El Salvador","","35","6.253","0.794","1.242","0.789","0.43","0.074","0.093","","1"
"Estonia","Central and Eastern Europe","73","5.429","1.15174","1.22791","0.77361","0.44888","0.15184","0.0868","1.58782","0"
"Estonia","Central and Eastern Europe","72","5.517","1.27964","1.05163","0.68098","0.41511","0.18519","0.08423","1.81985","0"
"Estonia","","66","5.6110000610352","1.3208793401718","1.4766710996628","0.69516831636429","0.4791314303875","0.09889081120491","0.18324892222881","1.3575086593628","1"
"Estonia","","63","5.739","1.2","1.532","0.737","0.553","0.174","0.086","","1"
"Estonia","","55","5.893","1.237","1.528","0.874","0.495","0.161","0.103","","0"
"Ethiopia","","134","4.286","0.336","1.033","0.532","0.344","0.1","0.209","","0"
"Ethiopia","","127","4.35","0.308","0.95","0.391","0.452","0.146","0.22","","0"
"Ethiopia","","119","4.460000038147","0.33923384547234","0.86466920375824","0.35340970754623","0.40884274244308","0.31265074014664","0.16545571386814","2.0157437324524","0"
"Ethiopia","Sub-Saharan Africa","115","4.508","0.29283","0.37932","0.34578","0.36703","0.1717","0.29522","2.65614","0"
"Ethiopia","Sub-Saharan Africa","122","4.512","0.19073","0.60406","0.44055","0.4345","0.15048","0.24325","2.44876","0"
"Finland","Western Europe","6","7.406","1.29025","1.31826","0.88911","0.64169","0.41372","0.23351","2.61955","1"
"Finland","Western Europe","5","7.413","1.40598","1.13464","0.81091","0.57104","0.41004","0.25492","2.82596","1"
"Finland","","5","7.4689998626709","1.4435719251633","1.5402467250824","0.80915766954422","0.61795085668564","0.24548277258873","0.38261154294014","2.4301815032959","1"
"Finland","","1","7.632","1.305","1.592","0.874","0.681","0.393","0.202","","1"
"Finland","","1","7.769","1.34","1.587","0.986","0.596","0.393","0.153","","1"
"France","","31","6.441999912262","1.4309234619141","1.3877768516541","0.84446585178375","0.47022211551666","0.12976230680942","0.17250242829323","2.0059547424316","1"
"France","Western Europe","32","6.478","1.39488","1.00508","0.83795","0.46562","0.17808","0.1216","2.4744","1"
"France","","23","6.489","1.293","1.466","0.908","0.52","0.176","0.098","","1"
"France","Western Europe","29","6.575","1.27778","1.26038","0.94579","0.55011","0.20646","0.12332","2.21126","1"
"France","","24","6.592","1.324","1.472","1.045","0.436","0.183","0.111","","1"
"Gabon","Sub-Saharan Africa","143","3.896","1.06024","0.90528","0.43372","0.31914","0.11091","0.06822","0.99895","0"
"Gabon","Sub-Saharan Africa","134","4.121","1.15851","0.72368","0.3494","0.28098","0.09314","0.06244","1.45332","0"
"Gabon","","118","4.4650001525879","1.1982102394104","1.1556202173233","0.35657858848572","0.31232857704163","0.043785378336906","0.076046787202358","1.3229162693024","0"
"Gabon","","103","4.758","1.036","1.164","0.404","0.356","0.052","0.032","","0"
"Gabon","","104","4.799","1.057","1.183","0.571","0.295","0.055","0.043","","0"
"Gambia","","120","4.516","0.308","0.939","0.428","0.382","0.167","0.269","","0"
"Georgia","Central and Eastern Europe","126","4.252","0.83792","0.19249","0.64035","0.32461","0.3188","0.06786","1.87031","0"
"Georgia","","125","4.2859997749329","0.95061266422272","0.57061493396759","0.64954698085785","0.3094100356102","0.054008815437555","0.25166663527489","1.5001378059387","0"
"Georgia","Central and Eastern Europe","130","4.297","0.7419","0.38562","0.72926","0.40577","0.38331","0.05547","1.59541","0"
"Georgia","","128","4.34","0.853","0.592","0.643","0.375","0.215","0.038","","0"
"Georgia","","119","4.519","0.886","0.666","0.752","0.346","0.164","0.043","","0"
"Germany","Western Europe","26","6.75","1.32792","1.29937","0.89186","0.61477","0.21843","0.28214","2.11569","1"
"Germany","","16","6.9510002136231","1.4879233837128","1.4725203514099","0.7989507317543","0.56251138448715","0.33626917004585","0.2767319381237","2.0157699584961","1"
"Germany","","15","6.965","1.34","1.474","0.861","0.586","0.28","0.273","","1"
"Germany","","17","6.985","1.373","1.454","0.987","0.495","0.265","0.261","","1"
"Germany","Western Europe","16","6.994","1.44787","1.09774","0.81487","0.53466","0.28551","0.30452","2.50931","1"
"Ghana","","131","4.1199998855591","0.66722482442856","0.87366473674774","0.29563772678375","0.42302629351616","0.25692394375801","0.025336369872093","1.5778675079346","0"
"Ghana","Sub-Saharan Africa","124","4.276","0.63107","0.49353","0.29681","0.40973","0.0326","0.21203","2.2002","0"
"Ghana","Sub-Saharan Africa","114","4.633","0.54558","0.67954","0.40132","0.42342","0.04355","0.23087","2.30919","0"
"Ghana","","108","4.657","0.592","0.896","0.337","0.499","0.029","0.212","","0"
"Ghana","","98","4.996","0.611","0.868","0.486","0.381","0.04","0.245","","0"
"Greece","Western Europe","102","4.857","1.15406","0.92933","0.88213","0.07699","0.01397","","1.80101","0"
"Greece","Western Europe","99","5.033","1.24886","0.75473","0.80029","0.05822","0.04127","0","2.12944","0"
"Greece","","87","5.2270002365112","1.2894874811173","1.2394145727158","0.8101989030838","0.095731250941753","","0.04328977689147","1.7492215633392","0"
"Greece","","82","5.287","1.181","1.156","0.999","0.067","0.034","0","","0"
"Greece","","79","5.358","1.154","1.202","0.879","0.131","0.044","","","1"
"Guatemala","Latin America and Caribbean","43","6.123","0.74553","1.04356","0.64425","0.57733","0.09472","0.27489","2.74255","1"
"Guatemala","Latin America and Caribbean","39","6.324","0.83454","0.87119","0.54039","0.50379","0.08701","0.28808","3.19863","1"
"Guatemala","","30","6.382","0.781","1.268","0.608","0.604","0.071","0.179","","1"
"Guatemala","","27","6.436","0.8","1.269","0.746","0.535","0.078","0.175","","1"
"Guatemala","","29","6.4539999961853","0.87200194597244","1.255585193634","0.54023998975754","0.53131061792374","0.2834883928299","0.077223278582096","2.8938910961151","1"
"Guinea","","149","3.5069999694824","0.24454993009567","0.79124468564987","0.19412913918495","0.34858751296997","0.26481509208679","0.11093761771917","1.5523118972778","0"
"Guinea","Sub-Saharan Africa","151","3.607","0.22415","0.3109","0.18829","0.30953","0.1192","0.29914","2.15604","0"
"Guinea","Sub-Saharan Africa","150","3.656","0.17417","0.46475","0.24009","0.37725","0.12139","0.28657","1.99172","0"
"Guinea","","140","3.964","0.344","0.792","0.211","0.394","0.094","0.185","","0"
"Guinea","","118","4.534","0.38","0.829","0.375","0.332","0.086","0.207","","0"
"Haiti","","148","3.582","0.315","0.714","0.289","0.025","0.104","0.392","","0"
"Haiti","","147","3.597","0.323","0.688","0.449","0.026","0.11","0.419","","0"
"Haiti","","145","3.6029999256134","0.36861026287079","0.64044982194901","0.27732113003731","0.03036985732615","0.48920378088951","0.099872149527073","1.697167634964","0"
"Haiti","Latin America and Caribbean","136","4.028","0.34097","0.29561","0.27494","0.12072","0.14476","0.47958","2.37116","0"
"Haiti","Latin America and Caribbean","119","4.518","0.26673","0.74302","0.38847","0.24425","0.17175","0.46187","2.24173","0"
"Honduras","Latin America and Caribbean","105","4.788","0.59532","0.95348","0.6951","0.40148","0.06825","0.23027","1.84408","0"
"Honduras","Latin America and Caribbean","104","4.871","0.69429","0.75596","0.58383","0.26755","0.06906","0.2044","2.29551","0"
"Honduras","","91","5.1810002326965","0.730573117733","1.143944978714","0.58256947994232","0.34807986021042","0.23618887364864","0.073345452547073","2.0658111572266","0"
"Honduras","","72","5.504","0.62","1.205","0.622","0.459","0.074","0.197","","1"
"Honduras","","59","5.86","0.642","1.236","0.828","0.507","0.078","0.246","","0"
"Hong Kong","","76","5.43","1.438","1.277","1.122","0.44","0.287","0.258","","0"
"Hong Kong","","76","5.43","1.405","1.29","1.03","0.524","0.291","0.246","","1"
"Hong Kong","Eastern Asia","75","5.458","1.5107","0.87021","0.95277","0.48079","0.31647","0.40097","0.92614","0"
"Hong Kong","Eastern Asia","72","5.474","1.38604","1.05818","1.01328","0.59608","0.37124","0.39478","0.65429","0"
"Hong Kong S.A.R., China","","71","5.4720001220703","1.5516748428345","1.2627909183502","0.94306242465973","0.49096864461899","0.3744657933712","0.29393374919891","0.55463314056396","0"
"Hungary","Central and Eastern Europe","104","4.8","1.12094","1.20215","0.75905","0.32112","0.02758","0.128","1.24074","0"
"Hungary","Central and Eastern Europe","91","5.145","1.24142","0.93164","0.67608","0.1977","0.04472","0.099","1.95473","0"
"Hungary","","75","5.3239998817444","1.2860119342804","1.3431330919266","0.68776345252991","0.17586351931095","0.078401662409306","0.036636937409639","1.716459274292","0"
"Hungary","","69","5.62","1.171","1.401","0.732","0.259","0.022","0.061","","1"
"Hungary","","62","5.758","1.201","1.41","0.828","0.199","0.02","0.081","","0"
"Iceland","","4","7.494","1.38","1.624","1.026","0.591","0.118","0.354","","1"
"Iceland","","4","7.495","1.343","1.644","0.914","0.677","0.138","0.353","","1"
"Iceland","Western Europe","3","7.501","1.42666","1.18326","0.86733","0.56624","0.14975","0.47678","2.83137","1"
"Iceland","","3","7.5040001869202","1.480633020401","1.6105740070343","0.83355212211609","0.62716263532639","0.47554022073746","0.15352655947208","2.3227152824402","1"
"Iceland","Western Europe","2","7.561","1.30232","1.40223","0.94784","0.62877","0.14145","0.4363","2.70201","1"
"India","","140","4.015","0.755","0.765","0.588","0.498","0.085","0.2","","0"
"India","","133","4.19","0.721","0.747","0.485","0.539","0.093","0.172","","0"
"India","","122","4.3150000572205","0.79222124814987","0.75437259674072","0.45542761683464","0.46998700499535","0.23153848946094","0.092226885259152","1.5191171169281","0"
"India","Southern Asia","118","4.404","0.74036","0.29247","0.45091","0.40285","0.08722","0.25028","2.18032","0"
"India","Southern Asia","117","4.565","0.64499","0.38174","0.51529","0.39786","0.08492","0.26475","2.27513","0"
"Indonesia","","96","5.093","0.899","1.215","0.522","0.538","0.018","0.484","","1"
"Indonesia","","92","5.192","0.931","1.203","0.66","0.491","0.028","0.498","","0"
"Indonesia","","81","5.2620000839233","0.99553859233856","1.2744446992874","0.49234572052956","0.44332346320152","0.6117045879364","0.015317135490477","1.4294769763946","0"
"Indonesia","Southeastern Asia","79","5.314","0.95104","0.87625","0.49374","0.39237","0.00322","0.56521","2.03171","0"
"Indonesia","Southeastern Asia","74","5.399","0.82827","1.08708","0.63793","0.46611","","0.51535","1.86399","0"
"Iran","","117","4.548","1.1","0.842","0.785","0.305","0.125","0.27","","0"
"Iran","Middle East and Northern Africa","110","4.686","1.0088","0.54447","0.69805","0.30033","0.05863","0.38086","1.6944","0"
"Iran","","108","4.691999912262","1.1568731069565","0.71155124902725","0.63933318853378","0.24932260811329","0.38724291324616","0.048761073499918","1.4987349510193","0"
"Iran","","106","4.707","1.059","0.771","0.691","0.459","0.129","0.282","","0"
"Iran","Middle East and Northern Africa","105","4.813","1.11758","0.38857","0.64232","0.22544","0.0557","0.38538","1.99817","0"
"Iraq","","126","4.437","1.043","0.98","0.574","0.241","0.089","0.148","","0"
"Iraq","","117","4.456","1.01","0.971","0.536","0.304","0.095","0.148","","0"
"Iraq","","117","4.4970002174377","1.1027104854584","0.9786131978035","0.50118046998978","0.28855553269386","0.19963726401329","0.10721575468779","1.3189072608948","0"
"Iraq","Middle East and Northern Africa","112","4.575","1.07474","0.59205","0.51076","0.24856","0.13636","0.19589","1.81657","0"
"Iraq","Middle East and Northern Africa","112","4.677","0.98549","0.81889","0.60237","","0.13788","0.17922","1.95335","0"
"Ireland","Western Europe","19","6.907","1.48341","1.16157","0.81455","0.54008","0.29754","0.44963","2.15988","1"
"Ireland","Western Europe","18","6.94","1.33596","1.36948","0.89533","0.61777","0.28703","0.45901","1.9757","1"
"Ireland","","14","6.977","1.448","1.583","0.876","0.614","0.306","0.307","","1"
"Ireland","","15","6.9770002365112","1.5357066392899","1.5582311153412","0.80978262424469","0.57311034202576","0.42785832285881","0.29838815331459","1.7738690376282","1"
"Ireland","","16","7.021","1.499","1.553","0.999","0.516","0.31","0.298","","1"
"Israel","","19","6.814","1.301","1.559","0.883","0.533","0.272","0.354","","1"
"Israel","","13","7.139","1.276","1.455","1.029","0.371","0.082","0.261","","1"
"Israel","","11","7.2129998207092","1.3753824234009","1.3762899637222","0.83840399980545","0.40598860383034","0.330082654953","0.085242100059986","2.8017573356628","1"
"Israel","Middle East and Northern Africa","11","7.267","1.33766","0.99537","0.84917","0.36432","0.08728","0.32288","3.31029","1"
"Israel","Middle East and Northern Africa","11","7.278","1.22857","1.22393","0.91387","0.41319","0.07785","0.33172","3.08854","1"
"Italy","Western Europe","50","5.948","1.25114","1.19777","0.95446","0.26236","0.02901","0.22823","2.02518","0"
"Italy","","48","5.9640002250671","1.3950666189194","1.4449232816696","0.85314434766769","0.25645071268082","0.17278964817524","0.028028091415763","1.8133120536804","1"
"Italy","Western Europe","50","5.977","1.35495","1.04167","0.85102","0.18827","0.02556","0.16684","2.34918","0"
"Italy","","47","6","1.264","1.501","0.946","0.281","0.028","0.137","","1"
"Italy","","36","6.223","1.294","1.488","1.039","0.231","0.03","0.158","","1"
"Ivory Coast","Sub-Saharan Africa","151","3.655","0.46534","0.77115","0.15185","0.46866","0.17922","0.20165","1.41723","0"
"Ivory Coast","Sub-Saharan Africa","139","3.916","0.55507","0.57576","0.04476","0.40663","0.1553","0.20338","1.97478","0"
"Ivory Coast","","128","4.1799998283386","0.60304892063141","0.90478003025055","0.048642169684172","0.44770619273186","0.20123746991158","0.13006177544594","1.8449642658234","0"
"Ivory Coast","","107","4.671","0.541","0.872","0.08","0.467","0.103","0.146","","0"
"Ivory Coast","","99","4.944","0.569","0.808","0.232","0.352","0.09","0.154","","0"
"Jamaica","","76","5.3109998703003","0.9255793094635","1.3682180643082","0.64102238416672","0.47430723905563","0.23381833732128","0.055267781019211","1.612325668335","0"
"Jamaica","Latin America and Caribbean","73","5.51","0.89333","0.96372","0.59469","0.43597","0.04294","0.22245","2.35682","0"
"Jamaica","Latin America and Caribbean","65","5.709","0.81038","1.15102","0.68741","0.50442","0.02299","0.2123","2.32038","0"
"Jamaica","","56","5.89","0.831","1.478","0.831","0.49","0.028","0.107","","0"
"Jamaica","","56","5.89","0.819","1.493","0.693","0.575","0.031","0.096","","1"
"Japan","","58","5.886","1.327","1.419","1.088","0.445","0.14","0.069","","0"
"Japan","","54","5.915","1.294","1.462","0.988","0.553","0.15","0.079","","1"
"Japan","","51","5.9200000762939","1.4169151782989","1.4363378286362","0.91347587108612","0.50562554597855","0.12057276815176","0.16376073658466","1.3632235527039","1"
"Japan","Eastern Asia","53","5.921","1.38007","1.06054","0.91491","0.46761","0.18985","0.10224","1.80584","0"
"Japan","Eastern Asia","46","5.987","1.27074","1.25712","0.99111","0.49615","0.1806","0.10705","1.68435","0"
"Jordan","","101","4.906","0.837","1.225","0.815","0.383","0.13","0.11","","0"
"Jordan","","90","5.161","0.822","1.265","0.645","0.468","0.134","0.13","","1"
"Jordan","Middle East and Northern Africa","82","5.192","0.90198","1.05392","0.69639","0.40661","0.14293","0.11053","1.87996","0"
"Jordan","Middle East and Northern Africa","80","5.303","0.99673","0.86216","0.60712","0.36023","0.13297","0.14262","2.20142","0"
"Jordan","","74","5.3359999656677","0.99101239442825","1.2390888929367","0.60459005832672","0.41842114925384","0.17217046022415","0.11980327218771","1.7911765575409","0"
"Kazakhstan","","60","5.79","1.143","1.516","0.631","0.454","0.121","0.148","","1"
"Kazakhstan","","60","5.809","1.173","1.508","0.729","0.41","0.096","0.146","","0"
"Kazakhstan","","60","5.8189997673035","1.2845562696457","1.3843690156937","0.60604155063629","0.43745428323746","0.20196442306042","0.11928288638592","1.7848925590515","1"
"Kazakhstan","Central and Eastern Europe","54","5.855","1.12254","1.12241","0.64368","0.51649","0.08454","0.11827","2.24729","0"
"Kazakhstan","Central and Eastern Europe","54","5.919","1.22943","0.95544","0.57386","0.4052","0.11132","0.15011","2.49325","0"
"Kenya","Sub-Saharan Africa","122","4.356","0.52267","0.7624","0.30147","0.40576","0.06686","0.41328","1.88326","0"
"Kenya","","124","4.41","0.493","1.048","0.454","0.504","0.055","0.352","","0"
"Kenya","Sub-Saharan Africa","125","4.419","0.36471","0.99876","0.41435","0.42215","0.05839","0.37542","1.78555","0"
"Kenya","","121","4.509","0.512","0.983","0.581","0.431","0.053","0.372","","0"
"Kenya","","112","4.5529999732971","0.56047946214676","1.0679507255554","0.30998834967613","0.45276376605034","0.44486030936241","0.064641319215298","1.6519021987915","0"
"Kosovo","","78","5.2789998054504","0.95148438215256","1.1378535032272","0.54145205020904","0.26028794050217","0.31993144750595","0.057471618056297","2.0105407238007","0"
"Kosovo","Central and Eastern Europe","77","5.401","0.90145","0.66062","0.54","0.14396","0.06547","0.27992","2.80998","0"
"Kosovo","Central and Eastern Europe","69","5.589","0.80148","0.81198","0.63132","0.24749","0.04741","0.2831","2.76579","0"
"Kosovo","","66","5.662","0.855","1.23","0.578","0.448","0.023","0.274","","1"
"Kosovo","","46","6.1","0.882","1.232","0.758","0.489","0.006","0.262","","1"
"Kuwait","","51","6.021","1.5","1.319","0.808","0.493","0.097","0.142","","1"
"Kuwait","","45","6.083","1.474","1.301","0.675","0.554","0.106","0.167","","1"
"Kuwait","","39","6.1050000190735","1.6329524517059","1.2596987485886","0.63210570812225","0.49633759260178","0.22828979790211","0.21515955030918","1.6404252052307","1"
"Kuwait","Middle East and Northern Africa","41","6.239","1.61714","0.87758","0.63569","0.43166","0.23669","0.15965","2.28085","1"
"Kuwait","Middle East and Northern Africa","39","6.295","1.55422","1.16594","0.72492","0.55499","0.25609","0.16228","1.87634","1"
"Kyrgyzstan","","98","5.0040001869202","0.59622007608414","1.3942385911941","0.55345779657364","0.45494338870049","0.42858037352562","0.039439179003239","1.5367231369019","0"
"Kyrgyzstan","","92","5.131","0.53","1.416","0.594","0.54","0.035","0.281","","1"
"Kyrgyzstan","Central and Eastern Europe","85","5.185","0.56044","0.95434","0.55449","0.40212","0.04762","0.38432","2.28136","0"
"Kyrgyzstan","","86","5.261","0.551","1.438","0.723","0.508","0.023","0.3","","0"
"Kyrgyzstan","Central and Eastern Europe","77","5.286","0.47428","1.15115","0.65088","0.43477","0.04232","0.3003","2.2327","0"
"Laos","","110","4.623","0.72","1.034","0.441","0.626","0.174","0.23","","0"
"Laos","","105","4.796","0.764","1.03","0.551","0.547","0.164","0.266","","0"
"Laos","Southeastern Asia","99","4.876","0.59066","0.73803","0.54909","0.59591","0.24249","0.42192","1.73799","0"
"Laos","Southeastern Asia","102","4.876","0.68042","0.5497","0.38291","0.52168","0.22423","0.43079","2.08637","0"
"Latvia","Central and Eastern Europe","89","5.098","1.11312","1.09562","0.72437","0.29671","0.06332","0.18226","1.62215","0"
"Latvia","Central and Eastern Europe","68","5.56","1.21788","0.95025","0.63952","0.27996","0.0889","0.17445","2.20859","0"
"Latvia","","54","5.8499999046326","1.2607486248016","1.4047149419784","0.63856697082519","0.32570791244507","0.15307478606701","0.073842726647854","1.993655204773","1"
"Latvia","","53","5.933","1.148","1.454","0.671","0.363","0.066","0.092","","1"
"Latvia","","53","5.94","1.187","1.465","0.812","0.264","0.064","0.075","","0"
"Lebanon","Middle East and Northern Africa","103","4.839","1.02564","0.80001","0.83947","0.33916","0.04582","0.21854","1.57059","0"
"Lebanon","Middle East and Northern Africa","93","5.129","1.12268","0.64184","0.76171","0.26228","0.03061","0.23693","2.07339","0"
"Lebanon","","91","5.197","0.987","1.224","0.815","0.216","0.027","0.166","","0"
"Lebanon","","88","5.2249999046326","1.0749875307083","1.129624247551","0.73508107662201","0.28851598501205","0.2644507586956","0.037513829767704","1.6950738430023","0"
"Lebanon","","80","5.358","0.965","1.179","0.785","0.503","0.136","0.214","","1"
"Lesotho","","144","3.802","0.489","1.169","0.168","0.359","0.093","0.107","","0"
"Lesotho","","141","3.808","0.472","1.215","0.079","0.423","0.112","0.116","","0"
"Lesotho","","139","3.808000087738","0.52102124691009","1.1900951862335","","0.39066129922867","0.15749727189541","0.11909464001656","1.429835319519","0"
"Lesotho","Sub-Saharan Africa","97","4.898","0.37545","1.04103","0.07612","0.31767","0.12504","0.16388","2.79832","0"
"Liberia","","149","3.495","0.076","0.858","0.267","0.419","0.03","0.206","","0"
"Liberia","","148","3.5329999923706","0.11904179304838","0.87211793661118","0.22991819679737","0.33288118243218","0.26654988527298","0.038948249071836","1.6732859611511","0"
"Liberia","Sub-Saharan Africa","150","3.622","0.10706","0.50353","0.23165","0.25748","0.04852","0.24063","2.23284","0"
"Liberia","","141","3.975","0.073","0.922","0.443","0.37","0.033","0.233","","0"
"Liberia","Sub-Saharan Africa","116","4.571","0.0712","0.78968","0.34201","0.28531","0.06232","0.24362","2.77729","0"
"Libya","","72","5.525","1.044","1.303","0.673","0.416","0.152","0.133","","0"
"Libya","","68","5.5250000953674","1.1018030643463","1.357564330101","0.5201690196991","0.46573323011398","0.15207366645336","0.092610210180283","1.8350112438202","1"
"Libya","","70","5.566","0.985","1.35","0.553","0.496","0.148","0.116","","1"
"Libya","Middle East and Northern Africa","67","5.615","1.06688","0.95076","0.52304","0.40672","0.10339","0.17087","2.39374","0"
"Libya","Middle East and Northern Africa","63","5.754","1.13145","1.11862","0.7038","0.41668","0.11023","0.18295","2.09066","0"
"Lithuania","Central and Eastern Europe","60","5.813","1.2692","1.06411","0.64674","0.18929","0.0182","0.02025","2.60525","0"
"Lithuania","Central and Eastern Europe","56","5.833","1.14723","1.25745","0.73128","0.21342","0.01031","0.02641","2.44649","0"
"Lithuania","","52","5.9019999504089","1.3145823478699","1.4735161066055","0.62894994020462","0.23423178493977","0.010164656676352","0.011865642853081","2.2284405231476","1"
"Lithuania","","50","5.952","1.197","1.527","0.716","0.35","0.006","0.026","","1"
"Lithuania","","42","6.149","1.238","1.515","0.818","0.291","0.042","0.043","","1"
"Luxembourg","","18","6.8629999160767","1.7419435977936","1.4575836658478","0.84508949518204","0.59662789106369","0.28318098187447","0.31883442401886","1.6195120811462","1"
"Luxembourg","Western Europe","20","6.871","1.69752","1.03999","0.84542","0.5487","0.35329","0.27571","2.11055","1"
"Luxembourg","","17","6.91","1.576","1.52","0.896","0.632","0.321","0.196","","1"
"Luxembourg","Western Europe","17","6.946","1.56391","1.21963","0.91894","0.61583","0.37798","0.28034","1.96961","1"
"Luxembourg","","14","7.09","1.609","1.479","1.012","0.526","0.316","0.194","","1"
"Macedonia","Central and Eastern Europe","93","5.007","0.91851","1.00232","0.73545","0.33457","0.05327","0.22359","1.73933","0"
"Macedonia","Central and Eastern Europe","95","5.121","1.0193","0.78236","0.64738","0.27668","0.07047","0.23507","2.08947","0"
"Macedonia","","92","5.1750001907349","1.0645779371262","1.2078930139542","0.6449481844902","0.32590597867966","0.25376096367836","0.060277793556452","1.6174693107605","0"
"Macedonia","","89","5.185","0.959","1.239","0.691","0.394","0.052","0.173","","1"
"Madagascar","","144","3.6440000534058","0.30580869317055","0.91302037239075","0.37522330880165","0.18919676542282","0.20873253047466","0.067231975495815","1.5846126079559","0"
"Madagascar","Sub-Saharan Africa","147","3.681","0.20824","0.66801","0.46721","0.19184","0.08124","0.21333","1.851","0"
"Madagascar","Sub-Saharan Africa","148","3.695","0.27954","0.46115","0.37109","0.13684","0.07506","0.2204","2.15075","0"
"Madagascar","","143","3.774","0.262","0.908","0.402","0.221","0.049","0.155","","0"
"Madagascar","","143","3.933","0.274","0.916","0.555","0.148","0.041","0.169","","0"
"Malawi","","150","3.41","0.191","0.56","0.495","0.443","0.089","0.218","","0"
"Malawi","","147","3.587","0.186","0.541","0.306","0.531","0.08","0.21","","0"
"Malawi","","136","3.9700000286102","0.23344203829765","0.51256883144379","0.31508958339691","0.46691465377808","0.28717046976089","0.072711654007435","2.0817861557007","0"
"Malawi","Sub-Saharan Africa","132","4.156","0.08709","0.147","0.29364","0.4143","0.07564","0.30968","2.82859","0"
"Malawi","Sub-Saharan Africa","131","4.292","0.01604","0.41134","0.22562","0.43054","0.06977","0.33128","2.80791","0"
"Malaysia","","80","5.339","1.221","1.171","0.828","0.508","0.024","0.26","","0"
"Malaysia","Southeastern Asia","61","5.77","1.12486","1.07023","0.72394","0.53024","0.10501","0.33075","1.88541","0"
"Malaysia","Southeastern Asia","47","6.005","1.25142","0.88025","0.62366","0.39031","0.09081","0.41474","2.35384","1"
"Malaysia","","42","6.0840001106262","1.2912154197693","1.2846460342407","0.61878442764282","0.40226498246193","0.41660892963409","0.065600708127022","2.004448890686","1"
"Malaysia","","35","6.322","1.161","1.258","0.669","0.356","0.059","0.311","","1"
"Mali","Sub-Saharan Africa","138","3.995","0.26074","1.03526","0.20583","0.38857","0.12352","0.18798","1.79293","0"
"Mali","Sub-Saharan Africa","135","4.073","0.31292","0.86333","0.16347","0.27544","0.13647","0.21064","2.11087","0"
"Mali","","127","4.1900000572205","0.47618049383164","1.2814733982086","0.16936567425728","0.30661374330521","0.18335419893265","0.10497024655342","1.6681909561157","0"
"Mali","","128","4.39","0.385","1.105","0.308","0.327","0.052","0.153","","0"
"Mali","","118","4.447","0.37","1.233","0.152","0.367","0.056","0.139","","0"
"Malta","Western Europe","37","6.302","1.2074","1.30203","0.88721","0.60365","0.13586","0.51752","1.6488","1"
"Malta","Western Europe","30","6.488","1.30782","1.09879","0.80315","0.54994","0.17554","0.56237","1.99032","1"
"Malta","","27","6.5269999504089","1.343279838562","1.4884116649628","0.82194423675537","0.58876705169678","0.57473057508469","0.15306606888771","1.5568628311157","1"
"Malta","","22","6.627","1.27","1.525","0.884","0.645","0.142","0.376","","1"
"Malta","","22","6.726","1.3","1.52","0.999","0.564","0.151","0.375","","1"
"Mauritania","Sub-Saharan Africa","130","4.201","0.61391","0.84142","0.28639","0.1268","0.17955","0.22686","1.9263","0"
"Mauritania","","123","4.2919998168945","0.64845728874206","1.2720308303833","0.2853492796421","0.09609804302454","0.20187002420425","0.13695700466633","1.6516373157501","0"
"Mauritania","","126","4.356","0.557","1.245","0.292","0.129","0.093","0.134","","0"
"Mauritania","Sub-Saharan Africa","124","4.436","0.45407","0.86908","0.35874","0.24232","0.17461","0.219","2.11773","0"
"Mauritania","","122","4.49","0.57","1.167","0.489","0.066","0.088","0.106","","0"
"Mauritius","Sub-Saharan Africa","71","5.477","1.00761","0.98521","0.7095","0.56066","0.07521","0.37744","1.76145","0"
"Mauritius","","64","5.6290001869202","1.1893955469132","1.2095609903336","0.63800746202469","0.49124732613563","0.36093375086784","0.042181555181742","1.6975839138031","1"
"Mauritius","Sub-Saharan Africa","66","5.648","1.14372","0.75695","0.66189","0.46145","0.05203","0.36951","2.20223","0"
"Mauritius","","57","5.888","1.12","1.402","0.798","0.498","0.06","0.215","","0"
"Mauritius","","55","5.891","1.09","1.387","0.684","0.584","0.05","0.245","","1"
"Mexico","","24","6.488","1.038","1.252","0.761","0.479","0.095","0.069","","1"
"Mexico","","25","6.5780000686645","1.1531838178635","1.210862159729","0.70997899770737","0.41273000836372","0.12099043279886","0.13277411460877","2.8371548652649","1"
"Mexico","","23","6.595","1.07","1.323","0.861","0.433","0.073","0.074","","1"
"Mexico","Latin America and Caribbean","21","6.778","1.11508","0.7146","0.71143","0.37709","0.18355","0.11735","3.55906","1"
"Mexico","Latin America and Caribbean","14","7.187","1.02054","0.91451","0.81444","0.48181","0.21312","0.14074","3.60214","1"
"Moldova","","71","5.529","0.685","1.328","0.739","0.245","0","0.181","","0"
"Moldova","","67","5.64","0.657","1.301","0.62","0.232","","0.171","","1"
"Moldova","","56","5.8379998207092","0.72887063026428","1.2518255710602","0.58946520090103","0.24072904884815","0.20877912640572","0.010091286152601","2.8078083992004","1"
"Moldova","Central and Eastern Europe","52","5.889","0.59448","1.01528","0.61826","0.32818","0.01615","0.20951","3.10712","0"
"Moldova","Central and Eastern Europe","55","5.897","0.69177","0.83132","0.52309","0.25202","0.01903","0.19997","3.38007","0"
"Mongolia","Eastern Asia","100","4.874","0.82819","1.3006","0.60268","0.43626","0.02666","0.3323","1.34759","0"
"Mongolia","Eastern Asia","101","4.907","0.98853","1.08983","0.55469","0.35972","0.03285","0.34539","1.53586","0"
"Mongolia","","100","4.9549999237061","1.027235865593","1.4930112361908","0.55778348445892","0.39414396882057","0.338464230299","0.032902289181948","1.1112923622131","0"
"Mongolia","","94","5.125","0.914","1.517","0.575","0.395","0.032","0.253","","1"
"Mongolia","","83","5.285","0.948","1.531","0.667","0.317","0.038","0.235","","0"
"Montenegro","Central and Eastern Europe","88","5.161","1.07838","0.74173","0.63533","0.15111","0.12721","0.17191","2.25531","0"
"Montenegro","Central and Eastern Europe","82","5.192","0.97438","0.90557","0.72521","0.1826","0.14296","0.1614","2.10017","0"
"Montenegro","","83","5.2369999885559","1.1211290359497","1.2383764982223","0.66746467351913","0.19498905539513","0.19791102409363","0.088174194097519","1.7291915416718","0"
"Montenegro","","81","5.347","1.017","1.279","0.729","0.259","0.081","0.111","","1"
"Montenegro","","73","5.523","1.051","1.361","0.871","0.197","0.08","0.142","","0"
"Morocco","Middle East and Northern Africa","92","5.013","0.73479","0.64095","0.60954","0.41691","0.08546","0.07172","2.45373","0"
"Morocco","Middle East and Northern Africa","90","5.151","0.84058","0.38595","0.59471","0.25646","0.08404","0.04053","2.94891","0"
"Morocco","","89","5.208","0.801","0.782","0.782","0.418","0.076","0.036","","0"
"Morocco","","84","5.2350001335144","0.87811458110809","0.77486443519592","0.59771066904068","0.40815833210945","0.032209955155849","0.08776318281889","2.4561893939972","0"
"Morocco","","85","5.254","0.779","0.797","0.669","0.46","0.074","0.026","","1"
"Mozambique","","123","4.417","0.198","0.902","0.173","0.531","0.158","0.206","","0"
"Mozambique","","123","4.466","0.204","0.986","0.39","0.494","0.138","0.197","","0"
"Mozambique","","113","4.5500001907349","0.2343056499958","0.87070101499557","0.10665443539619","0.48079109191894","0.32222810387611","0.17943638563156","2.3556509017944","0"
"Mozambique","Sub-Saharan Africa","94","4.971","0.08308","1.02626","0.09131","0.34037","0.15603","0.22269","3.05137","0"
"Myanmar","Southeastern Asia","129","4.307","0.27108","0.70905","0.48246","0.44017","0.19034","0.79588","1.41805","0"
"Myanmar","","130","4.308","0.682","1.174","0.429","0.58","0.178","0.598","","0"
"Myanmar","","131","4.36","0.71","1.181","0.555","0.525","0.172","0.566","","0"
"Myanmar","Southeastern Asia","119","4.395","0.34112","0.69981","0.3988","0.42692","0.20243","0.81971","1.50655","0"
"Myanmar","","114","4.5450000762939","0.3671105504036","1.1232359409332","0.3975225687027","0.51449203491211","0.83807516098023","0.18881620466709","1.1152904033661","0"
"Namibia","","119","4.441","0.874","1.281","0.365","0.519","0.064","0.051","","0"
"Namibia","","111","4.5739998817444","0.96443432569504","1.0984708070755","0.33861181139946","0.52030354738235","0.077133744955063","0.093146972358227","1.4818902015686","0"
"Namibia","Sub-Saharan Africa","113","4.574","0.93287","0.70362","0.34745","0.48614","0.10398","0.07795","1.92198","0"
"Namibia","","113","4.639","0.879","1.313","0.477","0.401","0.056","0.07","","0"
"Nepal","Southern Asia","121","4.514","0.35997","0.86449","0.56874","0.38282","0.05907","0.32296","1.95637","0"
"Nepal","Southern Asia","107","4.793","0.44626","0.69699","0.50073","0.37012","0.07008","0.3816","2.32694","0"
"Nepal","","101","4.88","0.425","1.228","0.539","0.526","0.078","0.302","","0"
"Nepal","","100","4.913","0.446","1.226","0.677","0.439","0.089","0.285","","0"
"Nepal","","99","4.9619998931885","0.4798201918602","1.1792832612991","0.50413078069687","0.44030594825745","0.39409616589546","0.072975546121597","1.8912410736084","0"
"Netherlands","Western Europe","7","7.339","1.46468","1.02912","0.81231","0.55211","0.29927","0.47416","2.70749","1"
"Netherlands","","6","7.3769998550415","1.5039446353912","1.4289392232895","0.81069612503052","0.58538448810577","0.47048982977867","0.28266182541847","2.2948040962219","1"
"Netherlands","Western Europe","7","7.378","1.32944","1.28017","0.89284","0.61576","0.31814","0.4761","2.4657","1"
"Netherlands","","6","7.441","1.361","1.488","0.878","0.638","0.295","0.333","","1"
"Netherlands","","5","7.488","1.396","1.522","0.999","0.557","0.298","0.322","","1"
"New Zealand","Australia and New Zealand","9","7.286","1.25018","1.31967","0.90837","0.63938","0.42922","0.47501","2.26425","1"
"New Zealand","","8","7.307","1.303","1.557","1.026","0.585","0.38","0.33","","1"
"New Zealand","","8","7.3140001296997","1.4057060480118","1.5481951236725","0.81675970554352","0.6140621304512","0.50000512599945","0.38281670212746","2.0464563369751","1"
"New Zealand","","8","7.324","1.268","1.601","0.876","0.669","0.389","0.365","","1"
"New Zealand","Australia and New Zealand","8","7.334","1.36066","1.17278","0.83096","0.58147","0.41904","0.49401","2.47553","1"
"Nicaragua","Latin America and Caribbean","57","5.828","0.59325","1.14184","0.74314","0.55475","0.19317","0.27815","2.32407","0"
"Nicaragua","Latin America and Caribbean","48","5.992","0.69384","0.89521","0.65213","0.46582","0.16292","0.29773","2.82428","0"
"Nicaragua","","43","6.0710000991821","0.73729920387268","1.2872157096863","0.65309596061706","0.44755184650421","0.3016742169857","0.13068798184395","2.5139305591583","1"
"Nicaragua","","45","6.105","0.694","1.325","0.835","0.435","0.127","0.2","","1"
"Nicaragua","","41","6.141","0.668","1.319","0.7","0.527","0.128","0.208","","1"
"Niger","Sub-Saharan Africa","144","3.845","0.0694","0.77265","0.29707","0.47692","0.15639","0.19387","1.87877","0"
"Niger","Sub-Saharan Africa","142","3.856","0.1327","0.6053","0.26162","0.38041","0.17176","0.2097","2.09469","0"
"Niger","","135","4.0279998779297","0.1619253307581","0.99302500486374","0.26850500702858","0.36365869641304","0.22867384552956","0.13857294619083","1.8739833831787","0"
"Niger","","134","4.166","0.131","0.867","0.221","0.39","0.099","0.175","","0"
"Niger","","114","4.628","0.138","0.774","0.366","0.318","0.102","0.188","","0"
"Nigeria","Sub-Saharan Africa","103","4.875","0.75216","0.64498","0.05108","0.27854","0.0305","0.23219","2.88586","0"
"Nigeria","","95","5.0739998817444","0.78375625610352","1.215770483017","0.056915730237961","0.3949525654316","0.23094719648361","0.026121566072106","2.3653905391693","0"
"Nigeria","","91","5.155","0.689","1.172","0.048","0.462","0.032","0.201","","1"
"Nigeria","","85","5.265","0.696","1.111","0.245","0.426","0.041","0.215","","0"
"Nigeria","Sub-Saharan Africa","78","5.268","0.65435","0.90432","0.16007","0.34334","0.0403","0.27233","2.89319","0"
"North Cyprus","Western Europe","66","5.695","1.20806","1.07008","0.92356","0.49027","0.1428","0.26169","1.59888","0"
"North Cyprus","Western Europe","62","5.771","1.31141","0.81826","0.84142","0.43596","0.16578","0.26322","1.93447","0"
"North Cyprus","","61","5.8099999427795","1.3469113111496","1.1863033771515","0.83464723825455","0.47120362520218","0.266845703125","0.15535335242748","1.5491576194763","1"
"North Macedonia","","84","5.274","0.983","1.294","0.838","0.345","0.034","0.185","","0"
"Northern Cyprus","","64","5.718","1.263","1.252","1.042","0.417","0.162","0.191","","0"
"Northern Cyprus","","58","5.835","1.229","1.211","0.909","0.495","0.154","0.179","","1"
"Norway","Western Europe","4","7.498","1.57744","1.1269","0.79579","0.59609","0.35776","0.37895","2.66465","1"
"Norway","Western Europe","4","7.522","1.459","1.33095","0.88521","0.66973","0.36503","0.34699","2.46531","1"
"Norway","","1","7.5370001792908","1.6164631843567","1.5335235595703","0.79666650295258","0.63542258739471","0.36201223731041","0.31596383452415","2.2770266532898","1"
"Norway","","3","7.554","1.488","1.582","1.028","0.603","0.341","0.271","","1"
"Norway","","2","7.594","1.456","1.582","0.861","0.686","0.34","0.286","","1"
"Oman","Middle East and Northern Africa","22","6.853","1.36011","1.08182","0.76276","0.63274","0.32524","0.21542","2.47489","1"
"Pakistan","Southern Asia","92","5.132","0.68816","0.26135","0.40306","0.14622","0.1388","0.31185","3.18286","0"
"Pakistan","Southern Asia","81","5.194","0.59543","0.41411","0.51466","0.12102","0.10464","0.33671","3.10709","0"
"Pakistan","","80","5.2690000534058","0.72688353061676","0.67269068956375","0.40204778313637","0.23521526157856","0.31544601917267","0.12434806674719","2.7924892902374","0"
"Pakistan","","75","5.472","0.652","0.81","0.424","0.334","0.113","0.216","","1"
"Pakistan","","67","5.653","0.677","0.886","0.535","0.313","0.098","0.22","","0"
"Palestinian Territories","","110","4.696","0.657","1.247","0.672","0.225","0.066","0.103","","0"
"Palestinian Territories","Middle East and Northern Africa","108","4.715","0.59867","0.92558","0.66015","0.24499","0.12905","0.11251","2.04384","0"
"Palestinian Territories","","104","4.743","0.642","1.217","0.602","0.266","0.076","0.086","","0"
"Palestinian Territories","Middle East and Northern Africa","108","4.754","0.67024","0.71629","0.56844","0.17744","0.10613","0.11154","2.40364","0"
"Palestinian Territories","","103","4.7750000953674","0.7162492275238","1.1556471586227","0.56566697359085","0.25471106171608","0.11417317390442","0.089282602071762","1.8788902759552","0"
"Panama","","31","6.321","1.149","1.442","0.91","0.516","0.054","0.109","","1"
"Panama","","27","6.43","1.112","1.438","0.759","0.597","0.063","0.125","","1"
"Panama","","30","6.4520001411438","1.2337484359741","1.3731925487518","0.70615613460541","0.55002683401108","0.21055693924427","0.070983923971653","2.3071999549866","1"
"Panama","Latin America and Caribbean","25","6.701","1.18306","0.98912","0.70835","0.48927","0.08423","0.2418","3.00559","1"
"Panama","Latin America and Caribbean","25","6.786","1.06353","1.1985","0.79661","0.5421","0.0927","0.24434","2.84848","1"
"Paraguay","","70","5.4930000305176","0.932537317276","1.5072848796845","0.57925069332123","0.47350779175758","0.22415065765381","0.091065913438797","1.6853334903717","0"
"Paraguay","Latin America and Caribbean","70","5.538","0.89373","1.11111","0.58295","0.46235","0.07396","0.25296","2.16091","0"
"Paraguay","","64","5.681","0.835","1.522","0.615","0.541","0.074","0.162","","1"
"Paraguay","","63","5.743","0.855","1.475","0.777","0.514","0.08","0.184","","0"
"Paraguay","Latin America and Caribbean","53","5.878","0.75985","1.30477","0.66098","0.53899","0.08242","0.3424","2.18896","0"
"Peru","","65","5.663","0.934","1.249","0.674","0.53","0.034","0.092","","1"
"Peru","","65","5.697","0.96","1.274","0.854","0.455","0.027","0.083","","0"
"Peru","","63","5.7150001525879","1.0352252721786","1.2187703847885","0.63016611337662","0.45000287890434","0.12681971490383","0.047049086540937","2.2072694301605","1"
"Peru","Latin America and Caribbean","64","5.743","0.99602","0.81255","0.62994","0.37502","0.05292","0.14527","2.73117","0"
"Peru","Latin America and Caribbean","58","5.824","0.90019","0.97459","0.73017","0.41496","0.05989","0.14982","2.5945","0"
"Philippines","Southeastern Asia","90","5.073","0.70532","1.03516","0.58114","0.62545","0.12279","0.24991","1.7536","0"
"Philippines","Southeastern Asia","82","5.279","0.81217","0.87877","0.47036","0.54854","0.11757","0.21674","2.23484","0"
"Philippines","","72","5.4299998283386","0.85769921541214","1.2539175748825","0.4680090546608","0.58521467447281","0.19351342320442","0.099331893026829","1.9726047515869","0"
"Philippines","","71","5.524","0.775","1.312","0.513","0.643","0.105","0.12","","1"
"Philippines","","69","5.631","0.807","1.293","0.657","0.558","0.107","0.117","","0"
"Poland","Central and Eastern Europe","60","5.791","1.12555","1.27948","0.77903","0.53122","0.04212","0.16759","1.86565","0"
"Poland","Central and Eastern Europe","57","5.835","1.24585","1.04685","0.69058","0.4519","0.055","0.14443","2.20035","0"
"Poland","","46","5.9730000495911","1.2917878627777","1.4457119703293","0.69947534799576","0.52034211158752","0.1584659665823","0.059307806193829","1.7977228164673","1"
"Poland","","42","6.123","1.176","1.448","0.781","0.546","0.064","0.108","","1"
"Poland","","40","6.182","1.206","1.438","0.884","0.483","0.05","0.117","","1"
"Portugal","Western Europe","88","5.102","1.15991","1.13935","0.87519","0.51469","0.01078","0.13719","1.26462","0"
"Portugal","Western Europe","94","5.123","1.27607","0.94367","0.79363","0.44727","0.01521","0.11691","1.53015","0"
"Portugal","","89","5.1950001716614","1.3151752948761","1.3670430183411","0.79584354162216","0.49846529960632","0.095102712512016","0.01586945168674","1.1076827049255","0"
"Portugal","","77","5.41","1.188","1.429","0.884","0.562","0.017","0.055","","1"
"Portugal","","66","5.693","1.221","1.431","0.999","0.508","0.025","0.047","","0"
"Puerto Rico","Latin America and Caribbean","15","7.039","1.35943","1.08113","0.77758","0.46823","0.12275","0.22202","3.0076","1"
"Qatar","","29","6.374","1.684","1.313","0.871","0.555","0.167","0.22","","1"
"Qatar","","32","6.374","1.649","1.303","0.748","0.654","0.171","0.256","","1"
"Qatar","","35","6.375","1.8707656860352","1.2742968797684","0.71009808778763","0.60413098335266","0.33047387003899","0.43929925560951","1.1454644203186","1"
"Qatar","Middle East and Northern Africa","36","6.375","1.82427","0.87964","0.71723","0.56679","0.48049","0.32388","1.58224","1"
"Qatar","Middle East and Northern Africa","28","6.611","1.69042","1.0786","0.79733","0.6404","0.52208","0.32573","1.55674","1"
"Romania","Central and Eastern Europe","86","5.124","1.04345","0.88588","0.7689","0.35068","0.00649","0.13748","1.93129","0"
"Romania","Central and Eastern Europe","71","5.528","1.1697","0.72803","0.67602","0.36712","0.00679","0.12889","2.45184","0"
"Romania","","57","5.8249998092651","1.2176839113236","1.1500912904739","0.68515831232071","0.45700374245644","0.13351991772652","0.00438790069893","2.1768314838409","1"
"Romania","","52","5.945","1.116","1.219","0.726","0.528","0.001","0.088","","1"
"Romania","","48","6.07","1.162","1.232","0.825","0.462","0.005","0.083","","1"
"Russia","","68","5.648","1.183","1.452","0.726","0.334","0.031","0.082","","0"
"Russia","Central and Eastern Europe","64","5.716","1.13764","1.23617","0.66926","0.36679","0.03005","0.00199","2.27394","0"
"Russia","","59","5.81","1.151","1.479","0.599","0.399","0.025","0.065","","1"
"Russia","Central and Eastern Europe","56","5.856","1.23228","1.05261","0.58991","0.32682","0.03586","0.02736","2.59115","0"
"Russia","","49","5.9629998207092","1.2817780971527","1.4692823886871","0.54734933376312","0.37378311157227","0.05226382240653","0.032962881028652","2.2056074142456","1"
"Rwanda","","152","3.334","0.359","0.711","0.614","0.555","0.411","0.217","","0"
"Rwanda","","151","3.408","0.332","0.896","0.4","0.636","0.444","0.2","","0"
"Rwanda","Sub-Saharan Africa","154","3.465","0.22208","0.7737","0.42864","0.59201","0.55191","0.22628","0.67042","0"
"Rwanda","","151","3.470999956131","0.36874589323997","0.94570702314377","0.3264248073101","0.58184385299683","0.25275602936745","0.45522001385689","0.54006123542786","0"
"Rwanda","Sub-Saharan Africa","152","3.515","0.32846","0.61586","0.31865","0.5432","0.50521","0.23552","0.96819","0"
"Saudi Arabia","","37","6.3439998626709","1.5306235551834","1.2866775989532","0.5901483297348","0.44975057244301","0.14761601388454","0.27343225479126","2.0654296875","1"
"Saudi Arabia","","33","6.371","1.379","1.331","0.633","0.509","0.127","0.098","","1"
"Saudi Arabia","","28","6.375","1.403","1.357","0.795","0.439","0.132","0.08","","1"
"Saudi Arabia","Middle East and Northern Africa","34","6.379","1.48953","0.84829","0.59267","0.37904","0.30008","0.15457","2.61482","1"
"Saudi Arabia","Middle East and Northern Africa","35","6.411","1.39541","1.08393","0.72025","0.31048","0.32524","0.13706","2.43872","1"
"Senegal","Sub-Saharan Africa","142","3.904","0.36498","0.97619","0.4354","0.36772","0.10713","0.20843","1.44395","0"
"Senegal","Sub-Saharan Africa","128","4.219","0.44314","0.77416","0.40457","0.31056","0.11681","0.19103","1.97861","0"
"Senegal","","115","4.5349998474121","0.47930902242661","1.1796919107437","0.40936285257339","0.37792226672173","0.18346889317036","0.11546044796705","1.7896461486816","0"
"Senegal","","109","4.631","0.429","1.117","0.433","0.406","0.082","0.138","","0"
"Senegal","","111","4.681","0.45","1.134","0.571","0.292","0.072","0.153","","0"
"Serbia","Central and Eastern Europe","87","5.123","0.92053","1.00964","0.74836","0.20107","0.02617","0.19231","2.025","0"
"Serbia","Central and Eastern Europe","86","5.177","1.03437","0.81329","0.6458","0.15718","0.04339","0.20737","2.27539","0"
"Serbia","","73","5.3949999809265","1.0693175792694","1.2581897974014","0.65078467130661","0.20871552824974","0.22012588381767","0.040903780609369","1.9470844268799","0"
"Serbia","","78","5.398","0.975","1.369","0.685","0.288","0.043","0.134","","1"
"Serbia","","70","5.603","1.004","1.383","0.854","0.282","0.039","0.137","","0"
"Sierra Leone","","129","4.374","0.268","0.841","0.242","0.309","0.045","0.252","","0"
"Sierra Leone","Sub-Saharan Africa","123","4.507","0.33024","0.95571","","0.4084","0.08786","0.21488","2.51009","0"
"Sierra Leone","","113","4.571","0.256","0.813","","0.355","0.053","0.238","","0"
"Sierra Leone","Sub-Saharan Africa","111","4.635","0.36485","0.628","","0.30685","0.08196","0.23897","3.01402","0"
"Sierra Leone","","106","4.7090001106262","0.36842092871666","0.9841360449791","0.0055647538974881","0.31869769096375","0.2930409014225","0.071095176041126","2.668459892273","0"
"Singapore","","34","6.262","1.572","1.463","1.141","0.556","0.453","0.271","","1"
"Singapore","","34","6.343","1.529","1.451","1.008","0.631","0.457","0.261","","1"
"Singapore","","26","6.5720000267029","1.6922776699066","1.3538143634796","0.94949239492416","0.54984056949616","0.34596598148346","0.46430778503418","1.2163619995117","1"
"Singapore","Southeastern Asia","22","6.739","1.64555","0.86758","0.94719","0.4877","0.46987","0.32706","1.99375","1"
"Singapore","Southeastern Asia","24","6.798","1.52186","1.02","1.02525","0.54252","0.4921","0.31105","1.88501","1"
"Slovakia","Central and Eastern Europe","45","5.995","1.16891","1.26999","0.78902","0.31751","0.03431","0.16893","2.24639","0"
"Slovakia","Central and Eastern Europe","45","6.078","1.27973","1.08268","0.70367","0.23391","0.02947","0.13837","2.61065","1"
"Slovakia","","40","6.0980000495911","1.3253935575485","1.5050592422485","0.71273291110992","0.29581746459007","0.13654448091984","0.024210851639509","2.0977766513824","1"
"Slovakia","","39","6.173","1.21","1.537","0.776","0.354","0.014","0.118","","1"
"Slovakia","","38","6.198","1.246","1.504","0.881","0.334","0.014","0.121","","1"
"Slovenia","","62","5.7579998970032","1.3412059545517","1.4525188207626","0.79082822799683","0.57257580757141","0.2426490932703","0.045128978788853","1.3133172988892","1"
"Slovenia","Central and Eastern Europe","63","5.768","1.29947","1.05613","0.79151","0.53164","0.03635","0.25738","1.79522","0"
"Slovenia","Central and Eastern Europe","55","5.848","1.18498","1.27385","0.87337","0.60855","0.03787","0.25328","1.61583","0"
"Slovenia","","51","5.948","1.219","1.506","0.856","0.633","0.051","0.16","","1"
"Slovenia","","44","6.118","1.258","1.523","0.953","0.564","0.057","0.144","","1"
"Somalia","","112","4.668","0","0.698","0.268","0.559","0.27","0.243","","0"
"Somalia","","98","4.982","","0.712","0.115","0.674","0.282","0.238","","0"
"Somalia","","93","5.1510000228882","0.022643184289336","0.72115135192871","0.11398913711309","0.60212695598602","0.29163131117821","0.28241032361984","3.1174845695496","0"
"Somalia","Sub-Saharan Africa","76","5.44","","0.33613","0.11466","0.56778","0.3118","0.27225","3.83772","0"
"Somaliland region","Sub-Saharan Africa","91","5.057","0.18847","0.95152","0.43873","0.46582","0.39928","0.50318","2.11032","0"
"Somaliland Region","Sub-Saharan Africa","97","5.057","0.25558","0.75862","0.33108","0.3913","0.36794","0.51479","2.43801","0"
"South Africa","Sub-Saharan Africa","116","4.459","1.02416","0.96053","0.18611","0.42483","0.08415","0.13656","1.64227","0"
"South Africa","Sub-Saharan Africa","113","4.642","0.92049","1.18468","0.27688","0.33207","0.08884","0.11973","1.71956","0"
"South Africa","","106","4.722","0.96","1.351","0.469","0.389","0.055","0.13","","0"
"South Africa","","105","4.724","0.94","1.41","0.33","0.516","0.056","0.103","","0"
"South Africa","","101","4.8289999961853","1.0546987056732","1.3847886323929","0.1870800703764","0.47924673557281","0.13936237990856","0.072509497404098","1.5109086036682","0"
"South Korea","Eastern Asia","57","5.835","1.35948","0.72194","0.88645","0.25168","0.07716","0.18824","2.35015","0"
"South Korea","","55","5.8379998207092","1.401678442955","1.1282744407654","0.90021407604217","0.25792166590691","0.20667436718941","0.063282668590546","1.8803780078888","1"
"South Korea","","57","5.875","1.266","1.204","0.955","0.244","0.051","0.175","","1"
"South Korea","","54","5.895","1.301","1.219","1.036","0.159","0.056","0.175","","0"
"South Korea","Eastern Asia","47","5.984","1.24461","0.95774","0.96538","0.33208","0.07857","0.18557","2.21978","0"
"South Sudan","","156","2.853","0.306","0.575","0.295","0.01","0.091","0.202","","0"
"South Sudan","","154","3.254","0.337","0.608","0.177","0.112","0.106","0.224","","0"
"South Sudan","","147","3.5910000801086","0.39724862575531","0.60132312774658","0.16348600387573","0.14706243574619","0.28567081689835","0.11679351329804","1.8795673847198","0"
"South Sudan","Sub-Saharan Africa","143","3.832","0.39394","0.18519","0.15781","0.19662","0.13015","0.25899","2.50929","0"
"Spain","","36","6.31","1.251","1.538","0.965","0.449","0.074","0.142","","1"
"Spain","Western Europe","36","6.329","1.23011","1.31379","0.95562","0.45951","0.06398","0.18227","2.12367","1"
"Spain","","30","6.354","1.286","1.484","1.062","0.362","0.079","0.153","","1"
"Spain","Western Europe","37","6.361","1.34253","1.12945","0.87896","0.37545","0.06137","0.17665","2.39663","1"
"Spain","","34","6.4029998779297","1.3843978643417","1.5320909023285","0.88896059989929","0.40878123044968","0.19013357162476","0.070914097130299","1.9277577400207","1"
"Sri Lanka","Southern Asia","132","4.271","0.83524","1.01905","0.70806","0.53726","0.09179","0.40828","0.67108","0"
"Sri Lanka","","130","4.366","0.949","1.265","0.831","0.47","0.047","0.244","","0"
"Sri Lanka","Southern Asia","117","4.415","0.97318","0.84783","0.62007","0.50817","0.07964","0.46978","0.91681","0"
"Sri Lanka","","120","4.4400000572205","1.0098501443863","1.2599763870239","0.62513083219528","0.56121325492859","0.49086356163025","0.073653966188431","0.41938924789429","0"
"Sri Lanka","","116","4.471","0.918","1.314","0.672","0.585","0.05","0.307","","0"
"Sudan","","130","4.1389999389648","0.65951669216156","1.2140085697174","0.29092082381249","0.014995855279267","0.18231745064259","0.089847519993782","1.6870658397675","0"
"Sudan","Sub-Saharan Africa","133","4.139","0.63069","0.81928","0.29759","0","0.10039","0.18077","2.10995","0"
"Sudan","","137","4.139","0.605","1.24","0.312","0.016","0.082","0.134","","0"
"Sudan","Sub-Saharan Africa","118","4.55","0.52107","1.01404","0.36878","0.10081","0.1466","0.19062","2.20857","0"
"Suriname","Latin America and Caribbean","40","6.269","1.09686","0.77866","0.50933","0.52234","0.12692","0.16665","3.06852","1"
"Suriname","Latin America and Caribbean","40","6.269","0.99534","0.972","0.6082","0.59657","0.13633","0.16991","2.79094","1"
"Swaziland","","135","4.212","0.811","1.149","0","0.313","0.135","0.074","","0"
"Swaziland","Sub-Saharan Africa","101","4.867","0.71206","1.07284","0.07566","0.30658","0.0306","0.18259","2.48676","0"
"Sweden","","9","7.2839999198914","1.4943872690201","1.4781621694565","0.83087515830994","0.61292409896851","0.38539925217629","0.38439872860909","2.0975379943848","1"
"Sweden","Western Europe","10","7.291","1.45181","1.08764","0.83121","0.58218","0.40867","0.38254","2.54734","1"
"Sweden","","9","7.314","1.355","1.501","0.913","0.659","0.383","0.285","","1"
"Sweden","","7","7.343","1.387","1.487","1.009","0.574","0.373","0.267","","1"
"Sweden","Western Europe","8","7.364","1.33171","1.28907","0.91087","0.6598","0.43844","0.36262","2.37119","1"
"Switzerland","","6","7.48","1.452","1.526","1.052","0.572","0.343","0.263","","1"
"Switzerland","","5","7.487","1.42","1.549","0.927","0.66","0.357","0.256","","1"
"Switzerland","","4","7.4939999580383","1.5649795532227","1.5169117450714","0.85813128948212","0.62007057666779","0.29054927825928","0.36700728535652","2.2767162322998","1"
"Switzerland","Western Europe","2","7.509","1.52733","1.14524","0.86303","0.58557","0.41203","0.28083","2.69463","1"
"Switzerland","Western Europe","1","7.587","1.39651","1.34951","0.94143","0.66557","0.41978","0.29678","2.51738","1"
"Syria","Middle East and Northern Africa","156","3.006","0.6632","0.47489","0.72193","0.15684","0.18906","0.47179","0.32858","0"
"Syria","Middle East and Northern Africa","156","3.069","0.74719","0.14866","0.62994","0.06912","0.17233","0.48397","0.81789","0"
"Syria","","152","3.4619998931885","0.77715313434601","0.39610260725021","0.50053334236145","0.081539444625378","0.49366372823715","0.15134713053703","1.0615735054016","0"
"Syria","","149","3.462","0.619","0.378","0.44","0.013","0.141","0.331","","0"
"Syria","","150","3.462","0.689","0.382","0.539","0.088","0.144","0.376","","0"
"Taiwan","Eastern Asia","38","6.298","1.29098","1.07617","0.8753","0.3974","0.08129","0.25376","2.32323","1"
"Taiwan","Eastern Asia","34","6.379","1.39729","0.92624","0.79565","0.32377","0.0663","0.25495","2.61523","1"
"Taiwan","","26","6.441","1.365","1.436","0.857","0.418","0.078","0.151","","1"
"Taiwan","","25","6.446","1.368","1.43","0.914","0.351","0.097","0.242","","1"
"Taiwan Province of China","","33","6.4219999313355","1.4336265325546","1.3845653533936","0.79398423433304","0.36146658658981","0.25836047530174","0.063829235732555","2.1266074180603","1"
"Tajikistan","Central and Eastern Europe","106","4.786","0.39047","0.85563","0.57379","0.47216","0.15072","0.22974","2.11399","0"
"Tajikistan","Central and Eastern Europe","100","4.996","0.48835","0.75602","0.53119","0.43408","0.13509","0.25998","2.39106","0"
"Tajikistan","","96","5.0409998893738","0.52471363544464","1.2714632749557","0.52923512458801","0.47156670689583","0.24899764358997","0.14637714624405","1.8490493297577","0"
"Tajikistan","","88","5.199","0.474","1.166","0.598","0.292","0.034","0.187","","1"
"Tajikistan","","74","5.467","0.493","1.098","0.718","0.389","0.144","0.23","","0"
"Tanzania","","153","3.231","0.476","0.885","0.499","0.417","0.147","0.276","","0"
"Tanzania","","153","3.303","0.455","0.991","0.381","0.481","0.097","0.27","","0"
"Tanzania","","153","3.3489999771118","0.51113587617874","1.0419898033142","0.36450928449631","0.39001777768135","0.35425636172295","0.066035106778145","0.62113046646118","0"
"Tanzania","Sub-Saharan Africa","149","3.666","0.47155","0.77623","0.357","0.3176","0.05099","0.31472","1.37769","0"
"Tanzania","Sub-Saharan Africa","146","3.781","0.2852","1.00268","0.38215","0.32878","0.05747","0.34377","1.38079","0"
"Thailand","","52","6.008","1.05","1.409","0.828","0.557","0.028","0.359","","1"
"Thailand","","46","6.072","1.016","1.417","0.707","0.637","0.029","0.364","","1"
"Thailand","","32","6.4239997863769","1.127868771553","1.4257924556732","0.6472390294075","0.5802007317543","0.57212311029434","0.031612735241652","2.0395083427429","1"
"Thailand","Southeastern Asia","34","6.455","0.9669","1.26504","0.7385","0.55664","0.03187","0.5763","2.31945","1"
"Thailand","Southeastern Asia","33","6.474","1.0893","1.04477","0.64915","0.49553","0.02833","0.58696","2.5796","1"
"Togo","Sub-Saharan Africa","158","2.839","0.20868","0.13995","0.28443","0.36453","0.10731","0.16681","1.56726","0"
"Togo","Sub-Saharan Africa","155","3.303","0.28123","0","0.24811","0.34678","0.11587","0.17517","2.1354","0"
"Togo","","150","3.4949998855591","0.30544471740723","0.43188253045082","0.24710556864739","0.38042613863945","0.1968961507082","0.095665015280247","1.8372292518616","0"
"Togo","","139","3.999","0.259","0.474","0.253","0.434","0.101","0.158","","0"
"Togo","","139","4.085","0.275","0.572","0.41","0.293","0.085","0.177","","0"
"Trinidad & Tobago","","38","6.192","1.223","1.492","0.564","0.575","0.019","0.171","","1"
"Trinidad & Tobago","","39","6.192","1.231","1.477","0.713","0.489","0.016","0.185","","1"
"Trinidad and Tobago","Latin America and Caribbean","41","6.168","1.21183","1.18354","0.61483","0.55884","0.0114","0.31844","2.26882","1"
"Trinidad and Tobago","Latin America and Caribbean","43","6.168","1.32572","0.98569","0.52608","0.48453","0.01241","0.31935","2.51394","1"
"Trinidad and Tobago","","38","6.1680002212524","1.3613559007645","1.3802285194397","0.51998329162598","0.51863074302673","0.32529646158218","0.008964816108346","2.0532474517822","1"
"Tunisia","","124","4.461","0.921","1","0.815","0.167","0.055","0.059","","0"
"Tunisia","","111","4.592","0.9","0.906","0.69","0.271","0.063","0.04","","0"
"Tunisia","Middle East and Northern Africa","107","4.739","0.88113","0.60429","0.73793","0.26268","0.06358","0.06431","2.12466","0"
"Tunisia","","102","4.8049998283386","1.0072658061981","0.86835145950317","0.61321204900742","0.28968068957329","0.049693357199431","0.086723148822784","1.890251159668","0"
"Tunisia","Middle East and Northern Africa","98","5.045","0.97724","0.43165","0.59577","0.23553","0.0817","0.03936","2.68413","0"
"Turkey","Middle East and Northern Africa","76","5.332","1.06098","0.94632","0.73172","0.22815","0.15746","0.12253","2.08528","0"
"Turkey","","79","5.373","1.183","1.36","0.808","0.195","0.106","0.083","","0"
"Turkey","Middle East and Northern Africa","78","5.389","1.16492","0.87717","0.64718","0.23889","0.12348","0.04707","2.29074","0"
"Turkey","","74","5.483","1.148","1.38","0.686","0.324","0.109","0.106","","1"
"Turkey","","69","5.5","1.1982743740082","1.3377531766891","0.63760560750961","0.30074059963226","0.046693041920662","0.099671579897404","1.8792779445648","1"
"Turkmenistan","","87","5.247","1.052","1.538","0.657","0.394","0.028","0.244","","0"
"Turkmenistan","Central and Eastern Europe","70","5.548","0.95847","1.22668","0.53886","0.4761","0.30844","0.16979","1.86984","0"
"Turkmenistan","","68","5.636","1.016","1.533","0.517","0.417","0.037","0.199","","1"
"Turkmenistan","Central and Eastern Europe","65","5.658","1.08017","1.03817","0.44006","0.37408","0.28467","0.22567","2.21489","0"
"Turkmenistan","","59","5.8220000267029","1.1307767629623","1.4931491613388","0.43772608041763","0.41827192902565","0.24992498755455","0.25927034020424","1.832909822464","1"
"Uganda","Sub-Saharan Africa","145","3.739","0.34719","0.90981","0.19625","0.43653","0.06442","0.27102","1.51416","0"
"Uganda","Sub-Saharan Africa","141","3.931","0.21102","1.13299","0.33861","0.45727","0.07267","0.29066","1.42766","0"
"Uganda","","133","4.0809998512268","0.3814307153225","1.1298277378082","0.21763260662556","0.44318595528603","0.32576605677605","0.057069718837738","1.526362657547","0"
"Uganda","","135","4.161","0.322","1.09","0.237","0.45","0.061","0.259","","0"
"Uganda","","136","4.189","0.332","1.069","0.443","0.356","0.06","0.252","","0"
"Ukraine","","132","4.0960001945496","0.89465194940567","1.3945375680923","0.57590395212173","0.12297477573156","0.2700614631176","0.023029470816255","0.81438231468201","0"
"Ukraine","","138","4.103","0.793","1.413","0.609","0.163","0.011","0.187","","0"
"Ukraine","Central and Eastern Europe","123","4.324","0.87287","1.01413","0.58628","0.12859","0.01829","0.20363","1.50066","0"
"Ukraine","","133","4.332","0.82","1.39","0.739","0.178","0.01","0.187","","0"
"Ukraine","Central and Eastern Europe","111","4.681","0.79907","1.20278","0.6739","0.25123","0.02961","0.15275","1.5714","0"
"United Arab Emirates","Middle East and Northern Africa","28","6.573","1.57352","0.87114","0.72993","0.56215","0.35561","0.26591","2.21507","1"
"United Arab Emirates","","21","6.6479997634888","1.6263433694839","1.2664102315903","0.72679823637009","0.60834527015686","0.3609419465065","0.32448956370354","1.734703540802","1"
"United Arab Emirates","","20","6.774","2.096","0.776","0.67","0.284","","0.186","","1"
"United Arab Emirates","","21","6.825","1.503","1.31","0.825","0.598","0.182","0.262","","1"
"United Arab Emirates","Middle East and Northern Africa","20","6.901","1.42727","1.12575","0.80925","0.64157","0.38583","0.26428","2.24743","1"
"United Kingdom","","19","6.7140002250671","1.441633939743","1.4964600801468","0.80533593893051","0.50819003582001","0.4927741587162","0.26542806625366","1.7041435241699","1"
"United Kingdom","Western Europe","23","6.725","1.40283","1.08672","0.80991","0.50036","0.27399","0.50156","2.14999","1"
"United Kingdom","Western Europe","21","6.867","1.26637","1.28548","0.90943","0.59625","0.32067","0.51912","1.96994","1"
"United Kingdom","","15","7.054","1.333","1.538","0.996","0.45","0.278","0.348","","1"
"United Kingdom","","11","7.19","1.244","1.433","0.888","0.464","0.082","0.262","","1"
"United States","","18","6.886","1.398","1.471","0.819","0.547","0.133","0.291","","1"
"United States","","19","6.892","1.433","1.457","0.874","0.454","0.128","0.28","","1"
"United States","","14","6.9930000305176","1.5462592840195","1.4199205636978","0.77428662776947","0.50574052333832","0.39257878065109","0.13563878834248","2.2181134223938","1"
"United States","North America","13","7.104","1.50796","1.04782","0.779","0.48163","0.14868","0.41077","2.72782","1"
"United States","North America","15","7.119","1.39451","1.24711","0.86179","0.54604","0.1589","0.40105","2.51011","1"
"Uruguay","","33","6.293","1.124","1.465","0.891","0.523","0.15","0.127","","1"
"Uruguay","","31","6.379","1.093","1.459","0.771","0.625","0.155","0.13","","1"
"Uruguay","","28","6.4539999961853","1.2175596952438","1.4122278690338","0.71921682357788","0.57939225435257","0.17509692907333","0.17806187272072","2.1724095344544","1"
"Uruguay","Latin America and Caribbean","32","6.485","1.06166","1.2089","0.8116","0.60362","0.24558","0.2324","2.32142","1"
"Uruguay","Latin America and Caribbean","29","6.545","1.18157","1.03143","0.72183","0.54388","0.21394","0.18056","2.67139","1"
"Uzbekistan","","47","5.9710001945496","0.78644108772278","1.5489691495895","0.49827262759209","0.65824866294861","0.41598364710808","0.24652822315693","1.8169136047363","1"
"Uzbekistan","Central and Eastern Europe","49","5.987","0.73591","1.1681","0.50163","0.60848","0.28333","0.34326","2.34638","0"
"Uzbekistan","Central and Eastern Europe","44","6.003","0.63244","1.34043","0.59772","0.65821","0.30826","0.22837","2.23741","1"
"Uzbekistan","","44","6.096","0.719","1.584","0.605","0.724","0.259","0.328","","1"
"Uzbekistan","","41","6.174","0.745","1.529","0.756","0.631","0.24","0.322","","1"
"Venezuela","","108","4.707","0.96","1.427","0.805","0.154","0.047","0.064","","0"
"Venezuela","","102","4.806","0.996","1.469","0.657","0.133","0.052","0.056","","0"
"Venezuela","","82","5.25","1.1284312009811","1.431337594986","0.61714422702789","0.15399712324143","0.065019629895687","0.064491122961044","1.7894637584686","0"
"Venezuela","Latin America and Caribbean","44","6.084","1.13367","1.03302","0.61904","0.19847","0.08304","0.0425","2.97468","1"
"Venezuela","Latin America and Caribbean","23","6.81","1.04424","1.25596","0.72052","0.42908","0.11069","0.05841","3.19131","1"
"Vietnam","Southeastern Asia","96","5.061","0.74037","0.79117","0.66157","0.55954","0.11556","0.25075","1.9418","0"
"Vietnam","","94","5.0739998817444","0.78854757547378","1.2774913311005","0.65216898918152","0.57105559110642","0.23496805131435","0.087633237242699","1.4623186588287","0"
"Vietnam","","95","5.103","0.715","1.365","0.702","0.618","0.079","0.177","","1"
"Vietnam","","94","5.175","0.741","1.346","0.851","0.543","0.073","0.147","","0"
"Vietnam","Southeastern Asia","75","5.36","0.63216","0.91226","0.74676","0.59444","0.10441","0.1686","2.20173","0"
"Yemen","","152","3.355","0.442","1.073","0.343","0.244","0.064","0.083","","0"
"Yemen","","151","3.38","0.287","1.163","0.463","0.143","0.077","0.108","","0"
"Yemen","","146","3.5929999351502","0.59168344736099","0.93538224697113","0.31008091568947","0.2494637221098","0.1041252091527","0.056767422705889","1.345600605011","0"
"Yemen","Middle East and Northern Africa","147","3.724","0.57939","0.47493","0.31048","0.2287","0.05892","0.09821","1.97295","0"
"Yemen","Middle East and Northern Africa","136","4.077","0.54649","0.68093","0.40064","0.35571","0.07854","0.09131","1.92313","0"
"Zambia","","138","4.107","0.578","1.058","0.426","0.431","0.087","0.247","","0"
"Zambia","","125","4.377","0.562","1.047","0.295","0.503","0.082","0.221","","0"
"Zambia","","116","4.5139999389648","0.63640677928925","1.0031872987747","0.25783589482307","0.4616034924984","0.2495801448822","0.078213550150394","1.82670545578","0"
"Zambia","Sub-Saharan Africa","106","4.795","0.61202","0.6376","0.23573","0.42662","0.11479","0.17866","2.58991","0"
"Zambia","Sub-Saharan Africa","85","5.129","0.47038","0.91612","0.29924","0.48827","0.12468","0.19591","2.6343","0"
"Zimbabwe","","146","3.663","0.366","1.114","0.433","0.361","0.089","0.151","","0"
"Zimbabwe","","144","3.692","0.357","1.094","0.248","0.406","0.099","0.132","","0"
"Zimbabwe","","138","3.875","0.37584653496742","1.083095908165","0.19676375389099","0.33638420701027","0.18914349377155","0.095375381410122","1.5979702472687","0"
"Zimbabwe","Sub-Saharan Africa","131","4.193","0.35041","0.71478","0.1595","0.25429","0.08582","0.18503","2.4427","0"
"Zimbabwe","Sub-Saharan Africa","115","4.61","0.271","1.03276","0.33475","0.25861","0.08079","0.18987","2.44191","0"
